O_score,C_score,E_score,A_score,N_score,Numerical Aptitude,Spatial Aptitude,Perceptual Aptitude,Abstract Reasoning,Verbal Reasoning,Career,Reason
5.45,8.67,3.45,5.34,4.23,7.06,4.4,3.84,4.84,7.01,Accountant,Highly organized and reliable
5.45,8.67,3.45,5.34,4.23,5.1,3.42,2.2,5.33,3.79,Accountant,Highly organized and reliable
6.46,9.68,4.46,6.35,5.24,5.81,4.12,2.3,6.13,4.5,Accountant,Highly organized and reliable
7.45,8.67,5.23,7.67,6.01,8.06,6.45,5.62,6.73,8.17,Administrative Officer,Highly organized and reliable; Strong with numbers and analytics; Excellent verbal and written communication
7.65,8.87,5.43,7.87,6.21,8.26,6.65,5.82,6.93,8.37,Administrative Officer,Highly organized and reliable; Strong with numbers and analytics; Excellent verbal and written communication
7.45,8.67,5.23,7.67,6.01,5.7,4.77,1.67,6.33,5.26,Administrative Officer,Highly organized and reliable
7.65,8.87,5.43,7.87,6.21,5.84,4.91,1.69,6.49,5.4,Administrative Officer,Highly organized and reliable
8.46,9.68,6.24,8.68,7.02,6.41,5.48,1.77,7.13,5.97,Administrative Officer,Highly organized and reliable; Creative and open to innovation; Highly empathetic and cooperative
8.66,9.88,6.44,8.88,7.22,6.55,5.62,1.79,7.29,6.11,Administrative Officer,Highly organized and reliable; Creative and open to innovation; Highly empathetic and cooperative
7.67,6.12,8.78,7.45,6.45,6.9,8.12,7.62,7.06,6.79,Advertising Executive,Great with people and communication; Strong visual and spatial intelligence; Excellent attention to visual detail
7.87,6.32,8.98,7.65,6.65,7.1,8.32,7.82,7.26,6.99,Advertising Executive,Great with people and communication; Strong visual and spatial intelligence; Excellent attention to visual detail
7.67,6.12,8.78,7.45,6.45,4.75,5.59,0.51,5.67,5.33,Advertising Executive,Great with people and communication
7.87,6.32,8.98,7.65,6.65,4.89,5.73,0.53,5.83,5.47,Advertising Executive,Great with people and communication
8.68,7.13,9.79,8.46,7.46,5.46,6.3,0.61,6.48,6.03,Advertising Executive,Creative and open to innovation; Great with people and communication; Highly empathetic and cooperative
8.88,7.33,5.45,8.66,7.66,5.6,5.53,0.63,6.64,6.17,Advertising Executive,Creative and open to innovation; Highly empathetic and cooperative
7.23,7.67,4.23,5.45,4.89,7.45,4.84,4.56,6.06,6.56,Aerospace Engineer,Balanced cognitive and personality traits
7.43,7.87,4.43,5.65,5.09,7.65,5.04,4.76,6.26,6.76,Aerospace Engineer,Strong with numbers and analytics
7.23,7.67,4.23,5.45,4.89,5.24,4.46,1.6,5.92,4.71,Aerospace Engineer,Balanced cognitive and personality traits
7.43,7.87,4.43,5.65,5.09,5.38,4.6,1.62,6.08,4.85,Aerospace Engineer,Balanced cognitive and personality traits
8.24,8.68,5.24,6.46,5.9,5.94,5.17,1.7,6.72,5.41,Aerospace Engineer,Highly organized and reliable; Creative and open to innovation
8.44,8.88,5.44,6.66,6.1,6.08,5.31,1.72,6.88,5.55,Aerospace Engineer,Highly organized and reliable; Creative and open to innovation
5.12,8.89,4.34,5.45,4.78,7.01,4.9,4.56,4.95,7.17,Air Traffic Controller,Highly organized and reliable
5.12,9.23,4.34,5.45,2.67,7.18,4.9,3.51,3.9,7.34,Air Traffic Controller,Highly organized and reliable; Emotionally stable and calm under pressure
4.92,9.03,4.14,5.25,2.47,6.98,4.7,3.31,3.7,7.14,Air Traffic Controller,Highly organized and reliable; Emotionally stable and calm under pressure
5.12,8.89,4.34,5.45,4.78,5.09,3.43,2.12,5.23,3.65,Air Traffic Controller,Highly organized and reliable
5.12,9.23,4.34,5.45,2.67,5.23,3.43,2.89,5.33,3.65,Air Traffic Controller,Highly organized and reliable; Emotionally stable and calm under pressure
4.92,9.03,4.14,5.25,2.47,5.09,3.29,2.87,5.17,3.51,Air Traffic Controller,Highly organized and reliable; Emotionally stable and calm under pressure
6.13,9.9,5.35,6.46,5.79,5.8,4.14,2.22,6.04,4.36,Air Traffic Controller,Highly organized and reliable
6.13,5.6,5.35,6.46,3.68,4.08,4.14,1.14,4.75,4.36,Air Traffic Controller,Emotionally stable and calm under pressure
5.93,10.04,5.15,6.26,3.48,5.8,4.0,2.97,5.98,4.22,Air Traffic Controller,Highly organized and reliable; Emotionally stable and calm under pressure
4.34,8.89,4.78,6.45,5.45,6.62,5.62,5.12,4.9,7.67,Airline Pilot,Highly organized and reliable; Excellent verbal and written communication
4.34,8.89,4.78,6.45,2.33,6.62,5.62,3.56,3.34,7.67,Airline Pilot,Highly organized and reliable; Emotionally stable and calm under pressure; Excellent verbal and written communication
4.14,8.69,4.58,6.25,2.13,6.42,5.42,3.36,3.14,7.47,Airline Pilot,Highly organized and reliable; Emotionally stable and calm under pressure
4.34,8.89,4.78,6.45,5.45,4.86,3.13,1.92,4.84,3.46,Airline Pilot,Highly organized and reliable
4.34,8.89,4.78,6.45,2.33,4.86,3.13,2.86,4.84,3.46,Airline Pilot,Highly organized and reliable; Emotionally stable and calm under pressure
4.14,8.69,4.58,6.25,2.13,4.72,2.99,2.84,4.68,3.32,Airline Pilot,Highly organized and reliable; Emotionally stable and calm under pressure
5.35,9.9,5.79,7.46,6.46,5.57,3.83,2.02,5.65,4.17,Airline Pilot,Highly organized and reliable
5.35,9.9,5.79,7.46,3.34,5.57,3.83,2.96,5.65,4.17,Airline Pilot,Highly organized and reliable; Emotionally stable and calm under pressure
5.15,9.7,5.59,7.26,3.14,5.43,3.69,2.94,5.49,4.03,Airline Pilot,Highly organized and reliable; Emotionally stable and calm under pressure
8.45,7.01,5.34,5.45,4.56,7.73,5.4,4.95,6.51,6.23,Architect,Creative and open to innovation; Strong with numbers and analytics
8.45,7.01,5.34,5.45,4.56,5.34,5.29,1.44,6.33,5.32,Architect,Creative and open to innovation
9.46,8.02,6.35,6.46,5.57,6.05,6.0,1.54,7.14,6.02,Architect,Creative and open to innovation
9.34,3.56,7.23,6.78,5.45,6.45,7.01,6.34,7.4,5.17,Artist,Creative and open to innovation
9.34,3.56,7.23,6.78,5.45,4.23,6.12,0.21,5.74,6.03,Artist,Creative and open to innovation
8.1,4.57,8.24,7.79,6.46,4.26,5.7,0.11,5.42,5.61,Artist,Creative and open to innovation; Great with people and communication
9.45,8.01,4.67,5.56,4.01,8.73,5.12,4.34,6.73,6.79,Astronomer,Creative and open to innovation; Strong with numbers and analytics
9.45,8.01,4.67,5.56,4.01,6.04,5.66,2.0,7.13,5.84,Astronomer,Creative and open to innovation
8.23,9.02,5.68,6.57,5.02,6.08,5.25,2.1,6.82,5.43,Astronomer,Highly organized and reliable; Creative and open to innovation
5.12,9.23,4.34,5.45,2.67,7.18,4.9,3.51,3.9,7.34,Aviation Safety Inspector,Highly organized and reliable; Emotionally stable and calm under pressure
5.12,9.23,4.34,5.45,2.67,5.23,3.43,2.89,5.33,3.65,Aviation Safety Inspector,Highly organized and reliable; Emotionally stable and calm under pressure
6.13,10.24,5.35,6.46,3.68,5.94,4.14,2.99,6.14,4.36,Aviation Safety Inspector,Highly organized and reliable; Emotionally stable and calm under pressure
7.01,7.78,5.23,9.12,6.01,7.4,7.18,5.62,6.51,8.45,Behaviour Therapist,Highly empathetic and cooperative; Excellent verbal and written communication
6.01,7.78,5.23,9.34,6.45,6.9,7.29,5.84,6.23,8.56,Behaviour Therapist,Highly empathetic and cooperative; Excellent verbal and written communication
7.01,7.78,5.23,9.12,6.01,5.22,4.55,1.31,5.84,5.33,Behaviour Therapist,Highly empathetic and cooperative
6.01,7.78,5.23,9.34,6.45,4.92,4.05,1.18,5.34,4.87,Behaviour Therapist,Highly empathetic and cooperative
8.02,8.79,6.24,10.13,7.02,5.92,5.26,1.41,6.65,6.04,Behaviour Therapist,Highly organized and reliable; Creative and open to innovation; Highly empathetic and cooperative
7.02,8.79,6.24,9.12,7.46,5.62,4.76,1.28,6.15,5.33,Behaviour Therapist,Highly organized and reliable; Highly empathetic and cooperative
8.78,7.67,3.67,6.45,5.34,8.23,5.06,4.51,7.06,7.06,Biologist,Creative and open to innovation; Strong with numbers and analytics
8.78,7.67,3.67,6.45,5.34,5.7,5.12,1.47,6.69,5.68,Biologist,Creative and open to innovation
9.79,8.68,4.68,7.46,6.35,6.41,5.83,1.57,7.5,6.39,Biologist,Highly organized and reliable; Creative and open to innovation
7.89,7.67,4.01,5.23,4.56,7.78,4.62,4.29,6.23,6.45,Biomedical Engineer,Strong with numbers and analytics
7.89,7.67,4.01,5.23,4.56,5.44,4.75,1.7,6.25,4.99,Biomedical Engineer,Balanced cognitive and personality traits
8.9,8.68,5.02,6.24,5.57,6.14,5.45,1.8,7.05,5.7,Biomedical Engineer,Highly organized and reliable; Creative and open to innovation
9.23,7.67,4.23,5.12,4.67,8.45,4.68,4.45,6.95,6.4,Biomedical Researcher,Creative and open to innovation; Strong with numbers and analytics
9.43,7.87,4.43,5.32,4.87,8.65,4.88,4.65,7.15,6.6,Biomedical Researcher,Creative and open to innovation; Strong with numbers and analytics
9.23,7.67,4.23,5.12,4.67,5.84,5.46,1.67,6.92,5.64,Biomedical Researcher,Creative and open to innovation
9.43,7.87,4.43,5.32,4.87,5.98,5.6,1.69,7.08,5.78,Biomedical Researcher,Creative and open to innovation
9.1,8.68,5.24,6.13,5.68,6.2,5.6,1.77,7.15,5.78,Biomedical Researcher,Highly organized and reliable; Creative and open to innovation
8.34,8.88,5.44,6.33,5.88,6.05,5.26,1.79,6.83,5.44,Biomedical Researcher,Highly organized and reliable; Creative and open to innovation
8.78,7.67,4.01,5.23,4.56,8.23,4.62,4.29,6.67,6.45,Biotechnologist,Creative and open to innovation; Strong with numbers and analytics
8.78,7.67,4.01,5.23,4.56,5.7,5.19,1.7,6.69,5.44,Biotechnologist,Creative and open to innovation
9.79,8.68,5.02,6.24,5.57,6.41,5.9,1.8,7.5,6.14,Biotechnologist,Highly organized and reliable; Creative and open to innovation
6.78,6.45,8.45,7.67,4.56,6.62,8.06,6.51,5.67,7.06,Chef,Great with people and communication; Strong visual and spatial intelligence
6.78,6.45,8.45,7.67,4.56,4.61,5.08,1.21,5.33,4.92,Chef,Great with people and communication
7.79,7.46,9.46,8.68,5.57,5.32,5.79,1.31,6.13,5.63,Chef,Great with people and communication; Highly empathetic and cooperative
6.01,7.67,5.23,9.12,6.45,6.84,7.18,5.84,6.23,8.4,Chiropractor,Highly empathetic and cooperative; Excellent verbal and written communication
6.21,7.87,5.43,9.32,6.65,7.04,7.38,6.04,6.43,8.6,Chiropractor,Highly empathetic and cooperative; Excellent verbal and written communication
6.01,7.67,5.23,9.12,6.45,4.87,4.05,1.13,5.31,4.83,Chiropractor,Highly empathetic and cooperative
6.21,7.87,5.43,9.32,6.65,5.01,4.19,1.15,5.47,4.97,Chiropractor,Highly empathetic and cooperative
7.02,8.68,6.24,9.12,7.46,5.58,4.76,1.23,6.11,5.33,Chiropractor,Highly organized and reliable; Highly empathetic and cooperative
7.22,8.88,7.65,8.23,7.66,5.72,5.14,1.25,6.27,5.26,Chiropractor,Highly organized and reliable; Highly empathetic and cooperative
6.78,8.67,4.23,5.23,4.67,7.73,4.73,4.45,5.73,6.95,Civil Engineer,Highly organized and reliable; Strong with numbers and analytics
6.98,8.87,4.43,5.43,4.87,7.93,4.93,4.65,5.93,7.15,Civil Engineer,Highly organized and reliable; Strong with numbers and analytics
6.78,8.67,4.23,5.23,4.67,5.5,4.24,2.07,5.99,4.44,Civil Engineer,Highly organized and reliable
6.98,8.87,4.43,5.43,4.87,5.64,4.38,2.09,6.15,4.58,Civil Engineer,Highly organized and reliable
7.79,9.68,5.24,6.24,5.68,6.21,4.94,2.17,6.8,5.14,Civil Engineer,Highly organized and reliable
7.99,9.88,5.44,6.44,5.88,6.35,5.08,2.19,6.96,5.28,Civil Engineer,Highly organized and reliable
9.43,7.87,4.43,5.32,4.87,8.65,4.88,4.65,7.15,6.6,Clinical  Researc coordinator,Creative and open to innovation; Strong with numbers and analytics
9.43,7.87,4.43,5.32,4.87,5.98,5.6,1.69,7.08,5.78,Clinical  Researc coordinator,Creative and open to innovation
9.34,8.88,5.44,6.33,5.88,6.35,5.76,1.79,7.33,5.94,Clinical  Researc coordinator,Highly organized and reliable; Creative and open to innovation
8.87,8.32,4.21,5.43,4.87,8.6,4.82,4.54,6.87,6.88,Conservation Therapists,Creative and open to innovation; Strong with numbers and analytics
8.87,8.32,4.21,5.43,4.87,5.99,5.28,1.87,6.93,5.52,Conservation Therapists,Creative and open to innovation
9.88,9.33,5.22,6.44,5.88,6.7,5.98,1.97,7.74,6.23,Conservation Therapists,Highly organized and reliable; Creative and open to innovation; Great at solving complex abstract problems
5.57,7.79,6.68,4.24,3.9,4.79,4.12,1.95,5.12,3.63,Construction Engineer,Emotionally stable and calm under pressure
6.87,7.54,8.87,8.09,5.65,7.21,8.48,7.26,6.26,7.82,Corporate Communications Manager,Great with people and communication; Highly empathetic and cooperative; Excellent verbal and written communication
6.87,7.54,8.87,8.09,5.65,5.08,5.21,1.32,5.7,5.05,Corporate Communications Manager,Great with people and communication; Highly empathetic and cooperative
7.88,8.55,9.88,9.1,6.66,5.78,5.92,1.42,6.51,5.76,Corporate Communications Manager,Highly organized and reliable; Great with people and communication; Highly empathetic and cooperative
6.01,7.78,5.23,9.34,6.45,6.9,7.29,5.84,6.23,8.56,Counsellor,Highly empathetic and cooperative; Excellent verbal and written communication
6.01,7.78,5.23,9.34,6.45,4.92,4.05,1.18,5.34,4.87,Counsellor,Highly empathetic and cooperative
7.02,8.79,6.24,8.23,7.46,5.62,4.76,1.28,6.15,5.16,Counsellor,Highly organized and reliable; Highly empathetic and cooperative
2.67,8.78,7.67,8.45,6.45,5.73,8.06,7.06,4.56,8.62,Customs and Border Protection Officer,Highly organized and reliable; Highly empathetic and cooperative; Excellent verbal and written communication
2.87,8.98,7.87,8.65,6.65,5.93,8.26,7.26,4.76,8.82,Customs and Border Protection Officer,Highly organized and reliable; Highly empathetic and cooperative; Excellent verbal and written communication
2.67,8.78,7.67,8.45,6.45,4.31,2.87,1.58,3.97,3.03,Customs and Border Protection Officer,Highly organized and reliable; Highly empathetic and cooperative
2.87,8.98,7.87,8.65,6.65,4.45,3.01,1.6,4.13,3.17,Customs and Border Protection Officer,Highly organized and reliable; Highly empathetic and cooperative
3.68,9.79,8.68,9.46,7.46,5.02,3.58,1.68,4.78,3.73,Customs and Border Protection Officer,Highly organized and reliable; Great with people and communication; Highly empathetic and cooperative
3.88,9.99,8.88,9.66,7.66,5.16,3.72,1.7,4.94,3.87,Customs and Border Protection Officer,Highly organized and reliable; Great with people and communication; Highly empathetic and cooperative
6.67,8.23,5.12,6.01,4.45,7.45,5.57,4.79,5.56,7.12,Data Analyst,Balanced cognitive and personality traits
6.67,8.23,5.12,6.01,4.45,5.29,4.36,1.96,5.8,4.54,Data Analyst,Balanced cognitive and personality traits
7.68,9.24,6.13,7.02,5.46,6.0,5.07,2.06,6.61,5.24,Data Analyst,Highly organized and reliable
6.78,7.23,3.89,5.12,4.67,7.01,4.51,4.28,5.73,6.18,Data Scientist,Balanced cognitive and personality traits
6.87,8.65,3.65,6.32,5.65,7.76,4.99,4.65,6.26,7.49,Data Scientist,Highly organized and reliable; Strong with numbers and analytics
6.78,7.23,3.89,5.12,4.67,4.93,4.17,1.49,5.56,4.41,Data Scientist,Balanced cognitive and personality traits
6.87,8.65,3.65,6.32,5.65,5.52,4.17,1.77,6.03,4.7,Data Scientist,Highly organized and reliable
7.79,8.24,4.9,6.13,5.68,5.63,4.88,1.59,6.37,5.12,Data Scientist,Balanced cognitive and personality traits
7.88,9.66,4.66,7.33,6.66,6.23,4.87,1.87,6.84,5.41,Data Scientist,Highly organized and reliable
6.67,8.45,3.45,6.12,5.45,7.56,4.79,4.45,6.06,7.29,Database Administrator,Strong with numbers and analytics
6.87,8.65,3.65,6.32,5.65,7.76,4.99,4.65,6.26,7.49,Database Administrator,Highly organized and reliable; Strong with numbers and analytics
6.67,8.45,3.45,6.12,5.45,5.38,4.03,1.75,5.87,4.56,Database Administrator,Balanced cognitive and personality traits
6.87,8.65,3.65,6.32,5.65,5.52,4.17,1.77,6.03,4.7,Database Administrator,Highly organized and reliable
7.68,9.46,4.46,7.13,6.46,6.09,4.73,1.85,6.68,5.27,Database Administrator,Highly organized and reliable
7.88,9.66,4.66,7.33,6.66,6.23,4.87,1.87,6.84,5.41,Database Administrator,Highly organized and reliable
6.78,8.45,3.45,6.45,5.45,7.62,4.95,4.45,6.12,7.45,Database Analyst,Strong with numbers and analytics
6.98,8.65,3.65,6.65,5.65,7.82,5.15,4.65,6.32,7.65,Database Analyst,Highly organized and reliable; Strong with numbers and analytics; Excellent verbal and written communication
6.78,8.45,3.45,6.45,5.45,5.41,4.08,1.75,5.93,4.68,Database Analyst,Balanced cognitive and personality traits
6.98,8.65,3.65,6.65,5.65,5.55,4.22,1.77,6.09,4.82,Database Analyst,Highly organized and reliable
7.79,9.46,4.46,7.46,6.46,6.12,4.79,1.85,6.73,5.39,Database Analyst,Highly organized and reliable
7.99,9.66,4.66,7.66,6.66,6.26,4.93,1.87,6.89,5.53,Database Analyst,Highly organized and reliable
7.43,8.65,5.65,9.32,6.21,8.04,7.49,5.93,6.82,8.99,Dental Assistat,Highly organized and reliable; Highly empathetic and cooperative; Strong with numbers and analytics
7.43,8.65,5.65,9.32,6.21,5.69,4.85,1.6,6.31,5.58,Dental Assistat,Highly organized and reliable; Highly empathetic and cooperative
8.44,9.66,6.66,7.54,7.22,6.4,5.55,1.7,7.12,5.73,Dental Assistat,Highly organized and reliable; Creative and open to innovation
7.23,8.34,5.45,9.12,6.01,7.79,7.29,5.73,6.62,8.73,Dental Hygienist,Highly empathetic and cooperative; Strong with numbers and analytics; Excellent verbal and written communication
7.43,8.65,5.65,9.32,6.21,8.04,7.49,5.93,6.82,8.99,Dental Hygienist,Highly organized and reliable; Highly empathetic and cooperative; Strong with numbers and analytics
7.23,8.45,5.45,9.12,6.01,7.84,7.29,5.73,6.62,8.79,Dental Hygienist,Highly empathetic and cooperative; Strong with numbers and analytics; Excellent verbal and written communication
7.23,8.34,5.45,9.12,6.01,5.51,4.71,1.53,6.12,5.44,Dental Hygienist,Highly empathetic and cooperative
7.43,8.65,5.65,9.32,6.21,5.69,4.85,1.6,6.31,5.58,Dental Hygienist,Highly organized and reliable; Highly empathetic and cooperative
7.23,8.45,5.45,9.12,6.01,5.55,4.71,1.58,6.15,5.44,Dental Hygienist,Highly empathetic and cooperative
8.24,9.35,6.46,9.23,7.02,6.21,5.41,1.63,6.93,5.97,Dental Hygienist,Highly organized and reliable; Creative and open to innovation; Highly empathetic and cooperative
8.44,9.66,6.66,8.13,7.22,6.4,5.55,1.7,7.12,5.85,Dental Hygienist,Highly organized and reliable; Creative and open to innovation; Highly empathetic and cooperative
8.24,9.46,6.46,10.13,7.02,6.26,5.41,1.68,6.96,6.15,Dental Hygienist,Highly organized and reliable; Creative and open to innovation; Highly empathetic and cooperative
7.67,8.23,6.01,9.12,5.45,7.95,7.57,5.73,6.56,8.68,Diplomat,Highly empathetic and cooperative; Strong with numbers and analytics; Excellent verbal and written communication
7.87,8.43,6.21,9.32,5.65,8.15,7.77,5.93,6.76,8.88,Diplomat,Highly empathetic and cooperative; Strong with numbers and analytics; Excellent verbal and written communication
7.67,8.23,6.01,9.12,5.45,5.59,5.04,1.66,6.3,5.66,Diplomat,Highly empathetic and cooperative
7.87,8.43,6.21,9.32,5.65,5.73,5.18,1.68,6.46,5.8,Diplomat,Highly empathetic and cooperative
8.68,9.24,7.02,9.12,6.46,6.3,5.74,1.76,7.11,6.16,Diplomat,Highly organized and reliable; Creative and open to innovation; Highly empathetic and cooperative
8.88,9.44,7.22,8.34,6.66,6.44,5.88,1.78,7.27,6.11,Diplomat,Highly organized and reliable; Creative and open to innovation; Highly empathetic and cooperative
9.09,7.87,4.65,5.32,6.21,8.48,4.99,5.43,7.65,6.6,Ecologist,Creative and open to innovation; Strong with numbers and analytics; Great at solving complex abstract problems
9.09,7.87,4.65,5.32,6.21,5.88,5.48,1.29,6.91,5.61,Ecologist,Creative and open to innovation
9.2,8.88,5.66,6.33,7.22,6.31,5.73,1.39,7.26,5.87,Ecologist,Highly organized and reliable; Creative and open to innovation
7.23,7.67,4.23,5.45,4.89,7.45,4.84,4.56,6.06,6.56,Electrical Engineer,Balanced cognitive and personality traits
7.43,7.87,4.43,5.65,5.09,7.65,5.04,4.76,6.26,6.76,Electrical Engineer,Strong with numbers and analytics
7.23,7.67,4.23,5.45,4.89,5.24,4.46,1.6,5.92,4.71,Electrical Engineer,Balanced cognitive and personality traits
7.43,7.87,4.43,5.65,5.09,5.38,4.6,1.62,6.08,4.85,Electrical Engineer,Balanced cognitive and personality traits
8.24,8.68,5.24,6.46,5.9,5.94,5.17,1.7,6.72,5.41,Electrical Engineer,Highly organized and reliable; Creative and open to innovation
8.44,8.88,5.44,6.66,6.1,6.08,5.31,1.72,6.88,5.55,Electrical Engineer,Highly organized and reliable; Creative and open to innovation
7.34,7.67,4.23,5.45,4.89,7.51,4.84,4.56,6.12,6.56,Electronics Design Engineer,Strong with numbers and analytics
7.54,7.87,4.43,5.65,5.09,7.71,5.04,4.76,6.32,6.76,Electronics Design Engineer,Strong with numbers and analytics
7.34,7.67,4.23,5.45,4.89,5.27,4.52,1.6,5.97,4.76,Electronics Design Engineer,Balanced cognitive and personality traits
7.54,7.87,4.43,5.65,5.09,5.41,4.66,1.62,6.13,4.9,Electronics Design Engineer,Balanced cognitive and personality traits
8.35,8.68,5.24,6.46,5.9,5.98,5.22,1.7,6.78,5.47,Electronics Design Engineer,Highly organized and reliable; Creative and open to innovation
8.55,8.88,5.44,6.66,6.1,6.12,5.36,1.72,6.94,5.61,Electronics Design Engineer,Highly organized and reliable; Creative and open to innovation
6.45,7.67,5.34,9.23,4.45,7.06,7.29,4.9,5.45,8.45,Elementary School Teacher,Highly empathetic and cooperative; Excellent verbal and written communication
6.45,7.67,5.34,9.23,4.45,5.0,4.29,1.73,5.53,5.07,Elementary School Teacher,Highly empathetic and cooperative
7.46,8.68,6.35,9.12,5.46,5.71,5.0,1.83,6.33,5.55,Elementary School Teacher,Highly organized and reliable; Highly empathetic and cooperative
8.67,8.12,4.01,5.23,4.67,8.4,4.62,4.34,6.67,6.68,Environmental Engineer,Creative and open to innovation; Strong with numbers and analytics
8.12,8.67,4.67,5.23,4.11,8.4,4.95,4.39,6.12,6.95,Environmental Engineer,Highly organized and reliable; Creative and open to innovation; Strong with numbers and analytics
7.92,8.47,4.47,5.03,3.91,8.2,4.75,4.19,5.92,6.75,Environmental Engineer,Emotionally stable and calm under pressure; Strong with numbers and analytics
8.67,8.12,4.01,5.23,4.67,5.85,5.14,1.85,6.77,5.38,Environmental Engineer,Creative and open to innovation
8.12,8.67,4.67,5.23,4.11,5.9,4.99,2.24,6.66,5.11,Environmental Engineer,Highly organized and reliable; Creative and open to innovation
7.92,8.47,4.47,5.03,3.91,5.76,4.85,2.22,6.5,4.97,Environmental Engineer,Emotionally stable and calm under pressure
9.68,9.13,5.02,6.24,5.68,6.56,5.84,1.95,7.58,6.09,Environmental Engineer,Highly organized and reliable; Creative and open to innovation; Great at solving complex abstract problems
9.13,9.68,5.68,6.24,5.12,6.61,5.7,2.34,7.47,5.81,Environmental Engineer,Highly organized and reliable; Creative and open to innovation
8.93,9.48,5.48,6.04,4.92,6.47,5.56,2.32,7.31,5.67,Environmental Engineer,Highly organized and reliable; Creative and open to innovation
9.12,7.45,4.23,5.67,3.78,8.29,4.95,4.01,6.45,6.56,Environmental Scientist,Creative and open to innovation; Emotionally stable and calm under pressure; Strong with numbers and analytics
8.67,8.12,4.01,5.23,4.67,8.4,4.62,4.34,6.67,6.68,Environmental Scientist,Creative and open to innovation; Strong with numbers and analytics
8.87,8.32,4.21,5.43,4.87,8.6,4.82,4.54,6.87,6.88,Environmental Scientist,Creative and open to innovation; Strong with numbers and analytics
9.12,7.45,4.23,5.67,3.78,5.72,5.41,1.85,6.8,5.69,Environmental Scientist,Creative and open to innovation; Emotionally stable and calm under pressure
8.67,8.12,4.01,5.23,4.67,5.85,5.14,1.85,6.77,5.38,Environmental Scientist,Creative and open to innovation
8.87,8.32,4.21,5.43,4.87,5.99,5.28,1.87,6.93,5.52,Environmental Scientist,Creative and open to innovation
8.23,8.46,5.24,6.68,4.79,5.85,5.16,1.95,6.65,5.45,Environmental Scientist,Creative and open to innovation
9.68,9.13,5.02,6.24,5.68,6.56,5.84,1.95,7.58,6.09,Environmental Scientist,Highly organized and reliable; Creative and open to innovation; Great at solving complex abstract problems
9.88,9.33,5.22,6.44,5.88,6.7,5.98,1.97,7.74,6.23,Environmental Scientist,Highly organized and reliable; Creative and open to innovation; Great at solving complex abstract problems
7.01,3.78,8.45,6.78,5.45,5.4,7.62,6.95,6.23,5.28,Event Photographer,Great with people and communication; Strong visual and spatial intelligence
7.01,3.78,8.45,6.78,5.45,3.62,5.2,0.12,4.64,4.86,Event Photographer,Great with people and communication
8.02,4.79,9.46,7.79,6.46,4.32,5.9,0.02,5.45,5.57,Event Photographer,Creative and open to innovation; Great with people and communication
6.67,6.01,8.45,8.23,4.34,6.34,8.34,6.4,5.51,7.12,Event Planner,Great with people and communication; Highly empathetic and cooperative; Strong visual and spatial intelligence
6.67,6.01,8.45,8.23,4.34,4.41,5.03,1.1,5.14,4.98,Event Planner,Great with people and communication; Highly empathetic and cooperative
7.68,7.02,9.46,9.24,5.35,5.11,5.73,1.2,5.95,5.69,Event Planner,Great with people and communication; Highly empathetic and cooperative
7.21,7.98,5.43,9.32,6.21,7.6,7.38,5.82,6.71,8.65,Family Therapists,Highly empathetic and cooperative; Strong with numbers and analytics; Excellent verbal and written communication
7.21,7.98,5.43,9.32,6.21,5.36,4.69,1.33,6.0,5.47,Family Therapists,Highly empathetic and cooperative
8.22,8.99,6.44,4.5,7.22,6.06,5.4,1.43,6.81,5.01,Family Therapists,Highly organized and reliable; Creative and open to innovation
8.78,3.78,7.67,7.01,6.01,6.28,7.34,6.84,7.4,5.4,Fashion Designer,Creative and open to innovation
8.78,3.78,7.67,7.01,6.01,4.15,5.92,0.29,5.52,5.79,Fashion Designer,Creative and open to innovation
9.79,4.79,8.68,8.02,7.02,4.85,6.63,0.19,6.33,6.5,Fashion Designer,Creative and open to innovation; Great with people and communication; Highly empathetic and cooperative
8.78,4.23,7.67,7.45,6.45,6.51,7.56,7.06,7.62,5.84,Fashion Stylist,Creative and open to innovation; Great at solving complex abstract problems; Strong visual and spatial intelligence
8.98,4.43,7.87,7.65,6.65,6.71,7.76,7.26,7.82,6.04,Fashion Stylist,Creative and open to innovation; Great at solving complex abstract problems; Strong visual and spatial intelligence
8.78,4.23,7.67,7.45,6.45,4.33,5.92,0.24,5.66,5.88,Fashion Stylist,Creative and open to innovation
8.98,4.43,7.87,7.65,6.65,4.47,6.06,0.22,5.82,6.02,Fashion Stylist,Creative and open to innovation
9.79,5.24,8.68,8.46,7.46,5.03,6.63,0.14,6.47,6.59,Fashion Stylist,Creative and open to innovation; Great with people and communication; Highly empathetic and cooperative
8.12,5.44,8.88,8.66,7.66,4.61,5.84,0.12,5.69,5.79,Fashion Stylist,Creative and open to innovation; Great with people and communication; Highly empathetic and cooperative
8.67,4.23,7.67,7.45,6.45,6.45,7.56,7.06,7.56,5.84,Film Director,Creative and open to innovation; Great at solving complex abstract problems; Strong visual and spatial intelligence
8.87,4.43,7.87,7.65,6.65,6.65,7.76,7.26,7.76,6.04,Film Director,Creative and open to innovation; Great at solving complex abstract problems; Strong visual and spatial intelligence
8.67,4.23,7.67,7.45,6.45,4.29,5.87,0.24,5.6,5.83,Film Director,Creative and open to innovation
8.87,4.43,7.87,7.65,6.65,4.43,6.01,0.22,5.76,5.97,Film Director,Creative and open to innovation
9.68,5.24,8.68,8.46,7.46,5.0,6.58,0.14,6.41,6.53,Film Director,Creative and open to innovation; Great with people and communication; Highly empathetic and cooperative
9.88,5.44,8.88,8.66,7.66,5.14,6.72,0.12,6.57,6.67,Film Director,Creative and open to innovation; Great with people and communication; Highly empathetic and cooperative
6.67,7.78,3.45,6.01,5.45,7.23,4.73,4.45,6.06,6.9,Financial Advisor,Balanced cognitive and personality traits
6.67,8.93,3.45,5.6,2.43,7.8,4.53,2.94,4.55,7.27,Financial Advisor,Highly organized and reliable; Emotionally stable and calm under pressure; Strong with numbers and analytics
6.47,8.73,3.25,5.4,2.23,7.6,4.33,2.74,4.35,7.07,Financial Advisor,Highly organized and reliable; Emotionally stable and calm under pressure; Strong with numbers and analytics
6.67,7.78,3.45,6.01,5.45,5.11,4.03,1.48,5.67,4.54,Financial Advisor,Balanced cognitive and personality traits
6.67,8.93,3.45,5.6,2.43,5.57,4.03,2.84,6.01,4.46,Financial Advisor,Highly organized and reliable; Emotionally stable and calm under pressure
6.47,8.73,3.25,5.4,2.23,5.43,3.89,2.82,5.85,4.32,Financial Advisor,Highly organized and reliable; Emotionally stable and calm under pressure
7.68,8.79,4.46,7.02,6.46,5.82,4.73,1.58,6.48,5.24,Financial Advisor,Highly organized and reliable
7.68,8.45,4.46,6.61,3.44,5.68,4.73,2.35,6.38,5.16,Financial Advisor,Emotionally stable and calm under pressure
7.48,9.74,4.26,6.41,3.24,6.14,4.59,2.92,6.66,5.02,Financial Advisor,Highly organized and reliable; Emotionally stable and calm under pressure
6.78,8.67,5.23,6.45,4.01,7.73,5.84,4.62,5.4,7.56,Financial Analyst,Highly organized and reliable; Strong with numbers and analytics; Excellent verbal and written communication
6.78,8.67,5.23,6.45,4.01,5.5,4.44,2.27,5.99,4.68,Financial Analyst,Highly organized and reliable
7.79,9.68,6.24,7.46,5.02,6.21,5.14,2.37,6.8,5.39,Financial Analyst,Highly organized and reliable
6.78,8.67,4.45,6.01,4.78,7.73,5.23,4.62,5.78,7.34,Financial Auditor,Highly organized and reliable; Strong with numbers and analytics
6.78,8.67,4.45,6.01,4.78,5.5,4.28,2.03,5.99,4.59,Financial Auditor,Highly organized and reliable
7.79,9.68,5.46,7.02,5.79,6.21,4.99,2.14,6.8,5.3,Financial Auditor,Highly organized and reliable
5.67,8.78,6.67,6.34,4.34,7.23,6.51,5.51,5.01,7.56,Financial Planner,Highly organized and reliable; Excellent verbal and written communication
5.67,8.78,6.67,6.34,4.34,5.21,4.17,2.21,5.47,4.1,Financial Planner,Highly organized and reliable
6.68,9.79,7.68,7.35,5.35,5.92,4.88,2.31,6.28,4.81,Financial Planner,Highly organized and reliable
4.34,8.89,4.78,6.45,2.33,6.62,5.62,3.56,3.34,7.67,Flight Instector,Highly organized and reliable; Emotionally stable and calm under pressure; Excellent verbal and written communication
4.34,8.89,4.78,6.45,2.33,4.86,3.13,2.86,4.84,3.46,Flight Instector,Highly organized and reliable; Emotionally stable and calm under pressure
5.35,9.9,5.79,7.46,3.34,5.57,3.83,2.96,5.65,4.17,Flight Instector,Highly organized and reliable; Emotionally stable and calm under pressure
7.67,8.23,6.01,9.12,5.45,7.95,7.57,5.73,6.56,8.68,Foreign Service Officer,Highly empathetic and cooperative; Strong with numbers and analytics; Excellent verbal and written communication
7.87,8.43,6.21,9.32,5.65,8.15,7.77,5.93,6.76,8.88,Foreign Service Officer,Highly empathetic and cooperative; Strong with numbers and analytics; Excellent verbal and written communication
7.67,8.23,6.01,9.12,5.45,5.59,5.04,1.66,6.3,5.66,Foreign Service Officer,Highly empathetic and cooperative
7.87,8.43,6.21,9.32,5.65,5.73,5.18,1.68,6.46,5.8,Foreign Service Officer,Highly empathetic and cooperative
8.68,9.24,7.02,8.2,6.46,6.3,5.74,1.76,7.11,5.98,Foreign Service Officer,Highly organized and reliable; Creative and open to innovation; Highly empathetic and cooperative
8.88,9.44,7.22,9.2,6.66,6.44,5.88,1.78,7.27,6.28,Foreign Service Officer,Highly organized and reliable; Creative and open to innovation; Highly empathetic and cooperative
8.67,7.78,4.45,5.12,6.01,8.23,4.79,5.23,7.34,6.45,Forensic Psychologist,Creative and open to innovation; Strong with numbers and analytics
8.87,7.98,4.65,5.32,6.21,8.43,4.99,5.43,7.54,6.65,Forensic Psychologist,Creative and open to innovation; Strong with numbers and analytics; Great at solving complex abstract problems
8.78,7.67,4.01,5.12,4.67,8.23,4.57,4.34,6.73,6.4,Forensic Psychologist,Creative and open to innovation; Strong with numbers and analytics
8.67,7.78,4.45,5.12,6.01,5.71,5.23,1.31,6.67,5.36,Forensic Psychologist,Creative and open to innovation
8.87,7.98,4.65,5.32,6.21,5.85,5.37,1.33,6.83,5.5,Forensic Psychologist,Creative and open to innovation
8.78,7.67,4.01,5.12,4.67,5.7,5.19,1.67,6.69,5.41,Forensic Psychologist,Creative and open to innovation
9.68,8.79,5.46,6.13,7.02,6.42,5.93,1.41,7.48,6.07,Forensic Psychologist,Highly organized and reliable; Creative and open to innovation
9.88,8.99,5.66,6.33,7.22,6.56,6.07,1.43,7.64,6.21,Forensic Psychologist,Highly organized and reliable; Creative and open to innovation; Great at solving complex abstract problems
9.79,8.68,5.02,6.13,5.68,6.41,5.9,1.77,7.5,6.12,Forensic Psychologist,Highly organized and reliable; Creative and open to innovation
8.78,7.67,4.01,5.12,4.67,8.23,4.57,4.34,6.73,6.4,Forensic Scientist,Creative and open to innovation; Strong with numbers and analytics
8.58,7.47,3.81,4.92,4.47,8.03,4.37,4.14,6.53,6.2,Forensic Scientist,Creative and open to innovation; Strong with numbers and analytics
8.78,7.67,4.01,5.12,4.67,5.7,5.19,1.67,6.69,5.41,Forensic Scientist,Creative and open to innovation
8.58,7.47,3.81,4.92,4.47,5.56,5.05,1.65,6.53,5.27,Forensic Scientist,Creative and open to innovation
9.79,8.68,5.02,6.13,5.68,6.41,5.9,1.77,7.5,6.12,Forensic Scientist,Highly organized and reliable; Creative and open to innovation
9.59,8.48,4.82,5.93,5.48,6.27,5.76,1.75,7.34,5.98,Forensic Scientist,Creative and open to innovation
7.45,7.12,4.67,8.67,6.34,7.29,6.67,5.51,6.9,7.9,Forestry Technician,Highly empathetic and cooperative; Excellent verbal and written communication
7.65,7.32,4.87,8.87,6.54,7.49,6.87,5.71,7.1,8.1,Forestry Technician,Highly empathetic and cooperative; Excellent verbal and written communication
7.45,7.12,4.67,8.67,6.34,5.08,4.66,0.95,5.86,5.46,Forestry Technician,Highly empathetic and cooperative
7.65,7.32,4.87,8.87,6.54,5.22,4.8,0.97,6.02,5.6,Forestry Technician,Highly empathetic and cooperative
8.46,8.13,5.68,9.68,7.35,5.79,5.37,1.05,6.67,6.17,Forestry Technician,Creative and open to innovation; Highly empathetic and cooperative
8.66,8.33,5.88,9.88,7.55,5.93,5.51,1.07,6.83,6.31,Forestry Technician,Creative and open to innovation; Highly empathetic and cooperative
6.23,4.23,8.45,7.98,6.45,5.23,8.22,7.45,6.34,6.11,Furniture Designer,Great with people and communication; Strong visual and spatial intelligence
6.23,4.23,8.45,7.98,6.45,3.56,4.81,0.24,4.38,4.71,Furniture Designer,Great with people and communication
7.24,5.24,9.46,8.99,7.46,4.27,5.51,0.14,5.19,5.42,Furniture Designer,Great with people and communication; Highly empathetic and cooperative
8.98,4.43,7.87,7.65,6.65,6.71,7.76,7.26,7.82,6.04,Game Designer,Creative and open to innovation; Great at solving complex abstract problems; Strong visual and spatial intelligence
8.98,4.43,7.87,7.65,6.65,4.47,6.06,0.22,5.82,6.02,Game Designer,Creative and open to innovation
8.23,5.44,8.88,8.66,7.66,4.65,5.89,0.12,5.75,5.85,Game Designer,Creative and open to innovation; Great with people and communication; Highly empathetic and cooperative
9.12,7.45,5.45,5.23,4.67,8.29,5.34,5.06,6.9,6.34,Game Developer,Creative and open to innovation; Strong with numbers and analytics
8.78,9.34,5.45,5.23,4.67,9.06,5.34,5.06,6.73,7.29,Game Developer,Highly organized and reliable; Creative and open to innovation; Strong with numbers and analytics
8.58,9.14,5.25,5.03,4.47,8.86,5.14,4.86,6.53,7.09,Game Developer,Highly organized and reliable; Creative and open to innovation; Strong with numbers and analytics
9.12,7.45,5.45,5.23,4.67,5.72,5.65,1.58,6.8,5.61,Game Developer,Creative and open to innovation
8.78,9.34,5.45,5.23,4.67,6.37,5.48,2.34,7.19,5.44,Game Developer,Highly organized and reliable; Creative and open to innovation
8.58,9.14,5.25,5.03,4.47,6.23,5.34,2.32,7.03,5.3,Game Developer,Highly organized and reliable; Creative and open to innovation
9.2,8.46,6.46,6.24,5.68,6.14,5.89,1.68,7.14,5.85,Game Developer,Creative and open to innovation
9.79,8.7,6.46,6.24,5.68,6.42,6.19,1.78,7.51,6.14,Game Developer,Highly organized and reliable; Creative and open to innovation; Great at solving complex abstract problems
9.59,9.45,6.26,6.04,5.48,6.66,6.05,2.14,7.63,6.0,Game Developer,Highly organized and reliable; Creative and open to innovation; Great at solving complex abstract problems
8.78,9.34,5.45,5.23,4.67,9.06,5.34,5.06,6.73,7.29,Game Tester,Highly organized and reliable; Creative and open to innovation; Strong with numbers and analytics
8.78,9.34,5.45,5.23,4.67,6.37,5.48,2.34,7.19,5.44,Game Tester,Highly organized and reliable; Creative and open to innovation
9.79,9.34,6.46,6.24,5.68,6.67,6.19,2.03,7.7,6.14,Game Tester,Highly organized and reliable; Creative and open to innovation; Great at solving complex abstract problems
7.78,7.34,5.23,9.12,6.01,7.56,7.18,5.62,6.9,8.23,Genetic Counselor,Highly empathetic and cooperative; Strong with numbers and analytics; Excellent verbal and written communication
7.98,7.54,5.43,9.32,6.21,7.76,7.38,5.82,7.1,8.43,Genetic Counselor,Highly empathetic and cooperative; Strong with numbers and analytics; Excellent verbal and written communication
7.78,7.34,5.23,9.12,6.01,5.27,4.94,1.13,6.09,5.71,Genetic Counselor,Highly empathetic and cooperative
7.98,7.54,5.43,9.32,6.21,5.41,5.08,1.15,6.25,5.85,Genetic Counselor,Highly empathetic and cooperative
9.34,8.35,6.24,9.23,7.02,6.14,5.92,1.23,7.18,6.52,Genetic Counselor,Creative and open to innovation; Highly empathetic and cooperative
8.99,8.55,6.45,6.5,7.22,6.12,5.79,1.25,7.06,5.8,Genetic Counselor,Highly organized and reliable; Creative and open to innovation
9.12,7.45,4.01,5.23,4.67,8.29,4.62,4.34,6.9,6.34,Geologist,Creative and open to innovation; Strong with numbers and analytics
9.5,8.1,4.01,5.23,3.1,8.8,4.62,3.56,6.3,6.67,Geologist,Creative and open to innovation; Emotionally stable and calm under pressure; Strong with numbers and analytics
9.3,7.9,3.81,5.03,2.9,8.6,4.42,3.36,6.1,6.47,Geologist,Creative and open to innovation; Emotionally stable and calm under pressure; Strong with numbers and analytics
9.12,7.45,4.01,5.23,4.67,5.72,5.36,1.58,6.8,5.61,Geologist,Creative and open to innovation
9.5,8.1,4.01,5.23,3.1,6.09,5.55,2.31,7.18,5.8,Geologist,Creative and open to innovation; Emotionally stable and calm under pressure
9.3,7.9,3.81,5.03,2.9,5.95,5.41,2.29,7.02,5.66,Geologist,Creative and open to innovation; Emotionally stable and calm under pressure
9.12,8.46,5.02,6.24,5.68,6.12,5.56,1.68,7.1,5.81,Geologist,Creative and open to innovation
9.23,9.11,5.02,6.24,4.11,6.41,5.62,2.41,7.35,5.86,Geologist,Highly organized and reliable; Creative and open to innovation
9.45,8.91,4.82,6.04,3.91,6.4,5.69,2.39,7.4,5.94,Geologist,Highly organized and reliable; Creative and open to innovation; Emotionally stable and calm under pressure
8.78,5.67,4.56,6.45,4.23,7.23,5.51,4.4,6.51,6.06,Graphic Designer,Creative and open to innovation
8.78,5.67,4.56,6.45,4.23,4.9,5.3,1.0,6.09,5.68,Graphic Designer,Creative and open to innovation
9.79,6.68,5.57,7.46,5.24,5.61,6.01,1.1,6.9,6.39,Graphic Designer,Creative and open to innovation
6.45,6.67,7.01,8.12,5.56,6.56,7.57,6.29,6.01,7.4,HR Recruiter,Highly empathetic and cooperative; Strong visual and spatial intelligence
6.45,6.67,7.01,8.12,5.56,4.6,4.63,1.0,5.23,4.85,HR Recruiter,Highly empathetic and cooperative
7.46,7.68,8.02,9.13,6.57,5.31,5.33,1.1,6.03,5.56,HR Recruiter,Great with people and communication; Highly empathetic and cooperative
5.23,7.12,7.34,8.45,6.45,6.18,7.9,6.9,5.84,7.79,Human Resources Manager,Highly empathetic and cooperative; Excellent verbal and written communication; Strong visual and spatial intelligence
5.23,7.12,7.34,8.45,6.45,4.42,4.08,0.91,4.75,4.31,Human Resources Manager,Highly empathetic and cooperative
6.24,8.13,8.35,9.46,7.46,5.12,4.79,1.01,5.56,5.01,Human Resources Manager,Great with people and communication; Highly empathetic and cooperative
7.45,7.78,6.01,8.67,6.45,7.62,7.34,6.23,6.95,8.23,Human Rights Lawyer,Highly empathetic and cooperative; Strong with numbers and analytics; Excellent verbal and written communication
7.65,7.98,6.21,8.87,6.65,7.82,7.54,6.43,7.15,8.43,Human Rights Lawyer,Highly empathetic and cooperative; Strong with numbers and analytics; Excellent verbal and written communication
7.45,7.78,6.01,8.67,6.45,5.35,4.93,1.18,6.06,5.46,Human Rights Lawyer,Highly empathetic and cooperative
7.65,7.98,6.21,8.87,6.65,5.49,5.07,1.2,6.22,5.6,Human Rights Lawyer,Highly empathetic and cooperative
8.46,8.79,7.02,9.68,7.46,6.05,5.63,1.28,6.87,6.17,Human Rights Lawyer,Highly organized and reliable; Creative and open to innovation; Highly empathetic and cooperative
8.66,8.99,7.22,9.88,7.66,6.19,5.77,1.3,7.03,6.31,Human Rights Lawyer,Highly organized and reliable; Creative and open to innovation; Highly empathetic and cooperative
9.5,8.1,4.01,5.23,3.1,8.8,4.62,3.56,6.3,6.67,Hydrologists,Creative and open to innovation; Emotionally stable and calm under pressure; Strong with numbers and analytics
9.5,8.1,4.01,5.23,3.1,6.09,5.55,2.31,7.18,5.8,Hydrologists,Creative and open to innovation; Emotionally stable and calm under pressure
9.87,9.11,5.02,6.24,4.11,6.61,5.94,2.41,7.67,6.18,Hydrologists,Highly organized and reliable; Creative and open to innovation; Great at solving complex abstract problems
7.67,6.89,3.78,4.89,4.34,7.28,4.34,4.06,6.01,5.89,Industrial Designer,Balanced cognitive and personality traits
7.67,6.89,3.78,4.89,4.34,5.06,4.59,1.45,5.9,4.81,Industrial Designer,Balanced cognitive and personality traits
8.68,7.9,4.79,5.9,5.35,5.76,5.3,1.56,6.71,5.52,Industrial Designer,Creative and open to innovation
6.01,7.34,4.01,5.23,4.67,6.68,4.62,4.34,5.34,6.29,Industrial Engineer,Balanced cognitive and personality traits
6.01,7.34,4.01,5.23,4.67,4.74,3.81,1.54,5.21,4.05,Industrial Engineer,Balanced cognitive and personality traits
7.02,8.35,5.02,6.24,5.68,5.45,4.51,1.64,6.02,4.76,Industrial Engineer,Balanced cognitive and personality traits
6.78,8.45,3.45,6.45,5.45,7.62,4.95,4.45,6.12,7.45,Insurance Underwriter,Strong with numbers and analytics
6.98,8.65,3.65,6.65,5.65,7.82,5.15,4.65,6.32,7.65,Insurance Underwriter,Highly organized and reliable; Strong with numbers and analytics; Excellent verbal and written communication
6.78,8.45,3.45,6.45,5.45,5.41,4.08,1.75,5.93,4.68,Insurance Underwriter,Balanced cognitive and personality traits
6.98,8.65,3.65,6.65,5.65,5.55,4.22,1.77,6.09,4.82,Insurance Underwriter,Highly organized and reliable
7.79,9.46,4.46,7.46,6.46,6.12,4.79,1.85,6.73,5.39,Insurance Underwriter,Highly organized and reliable
7.99,9.66,4.66,7.66,6.66,6.26,4.93,1.87,6.89,5.53,Insurance Underwriter,Highly organized and reliable
8.45,4.23,7.67,7.23,6.45,6.34,7.45,7.06,7.45,5.73,Interior Designer,Creative and open to innovation
6.23,4.23,8.45,7.98,6.45,5.23,8.22,7.45,6.34,6.11,Interior Designer,Great with people and communication; Strong visual and spatial intelligence
6.03,4.03,8.25,7.78,6.25,5.03,8.02,7.25,6.14,5.91,Interior Designer,Great with people and communication; Strong visual and spatial intelligence
8.45,4.23,7.67,7.23,6.45,4.23,5.76,0.24,5.49,5.67,Interior Designer,Creative and open to innovation
6.23,4.23,8.45,7.98,6.45,3.56,4.81,0.24,4.38,4.71,Interior Designer,Great with people and communication
6.03,4.03,8.25,7.78,6.25,3.42,4.67,0.26,4.22,4.57,Interior Designer,Great with people and communication
9.46,5.24,8.68,8.24,7.46,4.93,6.47,0.14,6.3,6.38,Interior Designer,Creative and open to innovation; Great with people and communication; Highly empathetic and cooperative
7.24,5.24,9.46,8.99,7.46,4.27,5.51,0.14,5.19,5.42,Interior Designer,Great with people and communication; Highly empathetic and cooperative
7.04,5.04,9.26,8.79,7.26,4.13,5.37,0.16,5.03,5.28,Interior Designer,Great with people and communication; Highly empathetic and cooperative
7.23,8.23,8.67,6.45,6.01,7.73,7.56,7.34,6.62,7.34,Investment Banker,Great with people and communication; Strong with numbers and analytics; Strong visual and spatial intelligence
7.43,8.43,8.87,6.65,6.21,7.93,7.76,7.54,6.82,7.54,Investment Banker,Great with people and communication; Strong with numbers and analytics; Excellent verbal and written communication
7.23,8.23,8.67,6.45,6.01,5.46,5.35,1.49,6.08,4.91,Investment Banker,Great with people and communication
7.43,8.43,8.87,6.65,6.21,5.6,5.49,1.51,6.24,5.05,Investment Banker,Great with people and communication
8.24,9.24,9.68,7.46,7.02,6.17,6.06,1.59,6.89,5.61,Investment Banker,Highly organized and reliable; Creative and open to innovation; Great with people and communication
8.44,9.44,9.88,7.66,7.22,6.31,6.2,1.61,7.05,5.75,Investment Banker,Highly organized and reliable; Creative and open to innovation; Great with people and communication
6.78,8.45,7.34,5.45,6.01,7.62,6.4,6.68,6.4,6.95,IT Project Manager,Strong with numbers and analytics
6.98,8.65,7.54,5.65,6.21,7.82,6.6,6.88,6.6,7.15,IT Project Manager,Highly organized and reliable; Strong with numbers and analytics
6.78,8.45,7.34,5.45,6.01,5.41,4.86,1.58,5.93,4.48,IT Project Manager,Balanced cognitive and personality traits
6.98,8.65,7.54,5.65,6.21,5.55,5.0,1.6,6.09,4.62,IT Project Manager,Highly organized and reliable
7.79,9.46,8.35,6.46,7.02,6.12,5.57,1.68,6.73,5.19,IT Project Manager,Highly organized and reliable; Great with people and communication
7.99,9.66,8.55,6.66,7.22,6.26,5.71,1.7,6.89,5.33,IT Project Manager,Highly organized and reliable; Great with people and communication
6.34,8.12,2.89,6.78,4.78,7.23,4.84,3.84,5.56,7.45,IT Support Specialist,Balanced cognitive and personality traits
6.34,8.12,2.89,6.78,4.78,5.15,3.75,1.81,5.61,4.53,IT Support Specialist,Balanced cognitive and personality traits
7.35,9.13,3.9,7.79,5.79,5.86,4.46,1.92,6.41,5.23,IT Support Specialist,Highly organized and reliable
8.78,7.34,5.23,6.45,6.01,8.06,5.84,5.62,7.4,6.9,Journalist,Creative and open to innovation; Strong with numbers and analytics
8.78,7.34,5.23,6.45,6.01,5.57,5.44,1.13,6.59,5.68,Journalist,Creative and open to innovation
9.79,8.35,6.24,7.46,7.02,6.28,6.14,1.23,7.4,6.39,Journalist,Creative and open to innovation
8.45,7.89,5.67,7.12,6.45,8.17,6.4,6.06,7.45,7.51,Lawyer,Creative and open to innovation; Strong with numbers and analytics; Excellent verbal and written communication
8.45,7.89,5.67,7.12,6.45,5.69,5.36,1.22,6.59,5.65,Lawyer,Creative and open to innovation
9.46,8.9,6.68,8.13,7.46,6.4,6.07,1.32,7.4,6.36,Lawyer,Highly organized and reliable; Creative and open to innovation; Highly empathetic and cooperative
8.78,7.67,4.45,5.12,6.01,8.23,4.79,5.23,7.4,6.4,Marine Biologist,Creative and open to innovation; Strong with numbers and analytics
8.98,7.87,4.65,5.32,6.21,8.43,4.99,5.43,7.6,6.6,Marine Biologist,Creative and open to innovation; Strong with numbers and analytics; Great at solving complex abstract problems
8.91,7.67,4.45,7.23,5.78,8.29,5.84,5.12,7.35,7.45,Marine Biologist,Creative and open to innovation; Strong with numbers and analytics
8.78,7.67,4.45,5.12,6.01,5.7,5.28,1.27,6.69,5.41,Marine Biologist,Creative and open to innovation
8.98,7.87,4.65,5.32,6.21,5.84,5.42,1.29,6.85,5.55,Marine Biologist,Creative and open to innovation
8.91,7.67,4.45,7.23,5.78,5.74,5.35,1.33,6.76,5.9,Marine Biologist,Creative and open to innovation
9.79,8.68,5.46,6.13,7.02,6.41,5.99,1.37,7.5,6.12,Marine Biologist,Highly organized and reliable; Creative and open to innovation
9.1,8.88,5.66,6.33,7.22,6.28,5.68,1.39,7.21,5.82,Marine Biologist,Highly organized and reliable; Creative and open to innovation
9.92,8.68,5.46,8.24,6.79,6.45,6.05,1.44,7.56,6.61,Marine Biologist,Highly organized and reliable; Creative and open to innovation; Highly empathetic and cooperative
8.45,7.78,5.67,7.34,6.45,8.12,6.51,6.06,7.45,7.56,Market Research Analyst,Creative and open to innovation; Strong with numbers and analytics; Excellent verbal and written communication
8.45,7.78,5.67,7.34,6.45,5.65,5.36,1.18,6.56,5.69,Market Research Analyst,Creative and open to innovation
9.46,8.79,6.68,8.35,7.46,6.35,6.07,1.28,7.37,6.4,Market Research Analyst,Highly organized and reliable; Creative and open to innovation; Highly empathetic and cooperative
8.67,7.67,6.01,7.45,6.45,8.17,6.73,6.23,7.56,7.56,Market Researcher,Creative and open to innovation; Strong with numbers and analytics; Excellent verbal and written communication
8.87,7.87,6.21,7.65,6.65,8.37,6.93,6.43,7.76,7.76,Market Researcher,Creative and open to innovation; Strong with numbers and analytics; Excellent verbal and written communication
8.67,7.67,6.01,7.45,6.45,5.67,5.54,1.13,6.64,5.83,Market Researcher,Creative and open to innovation
8.87,7.87,6.21,7.65,6.65,5.81,5.68,1.15,6.8,5.97,Market Researcher,Creative and open to innovation
9.68,8.68,7.02,8.46,7.46,6.38,6.24,1.23,7.44,6.53,Market Researcher,Highly organized and reliable; Creative and open to innovation; Highly empathetic and cooperative
9.88,8.88,7.22,8.66,7.66,6.52,6.38,1.25,7.6,6.67,Market Researcher,Highly organized and reliable; Creative and open to innovation; Highly empathetic and cooperative
6.67,8.45,3.45,6.12,5.23,7.56,4.79,4.34,5.95,7.29,Marketing Analyst,Strong with numbers and analytics
6.87,8.65,3.65,6.32,5.43,7.76,4.99,4.54,6.15,7.49,Marketing Analyst,Highly organized and reliable; Strong with numbers and analytics
8.45,6.45,7.01,7.56,5.67,7.45,7.29,6.34,7.06,7.01,Marketing Analyst,Creative and open to innovation
6.67,8.45,3.45,6.12,5.23,5.38,4.03,1.81,5.87,4.56,Marketing Analyst,Balanced cognitive and personality traits
6.87,8.65,3.65,6.32,5.43,5.52,4.17,1.83,6.03,4.7,Marketing Analyst,Highly organized and reliable
8.45,6.45,7.01,7.56,5.67,5.12,5.63,0.88,6.16,5.74,Marketing Analyst,Creative and open to innovation
7.68,9.46,4.46,7.13,6.24,6.09,4.73,1.91,6.68,5.27,Marketing Analyst,Highly organized and reliable
7.88,9.66,4.66,7.33,6.44,6.23,4.87,1.93,6.84,5.41,Marketing Analyst,Highly organized and reliable
9.46,7.46,8.02,8.57,6.68,5.82,6.33,0.98,6.97,6.44,Marketing Analyst,Creative and open to innovation; Great with people and communication; Highly empathetic and cooperative
6.45,7.23,8.12,7.45,5.78,6.84,7.79,6.95,6.12,7.34,Marketing Coordinator,Great with people and communication; Strong visual and spatial intelligence
6.45,7.23,8.12,7.45,5.78,4.83,4.85,1.16,5.39,4.72,Marketing Coordinator,Great with people and communication
7.46,8.24,9.13,8.46,6.79,5.53,5.56,1.26,6.2,5.42,Marketing Coordinator,Great with people and communication; Highly empathetic and cooperative
8.45,6.45,7.01,7.56,5.67,7.45,7.29,6.34,7.06,7.01,Marketing Copywriter,Creative and open to innovation
8.25,6.25,6.81,7.36,5.47,7.25,7.09,6.14,6.86,6.81,Marketing Copywriter,Creative and open to innovation
8.45,6.45,7.01,7.56,5.67,5.12,5.63,0.88,6.16,5.74,Marketing Copywriter,Creative and open to innovation
8.25,6.25,6.81,7.36,5.47,4.98,5.49,0.86,6.0,5.6,Marketing Copywriter,Creative and open to innovation
9.46,7.46,8.02,8.57,6.68,5.82,6.33,0.98,6.97,6.44,Marketing Copywriter,Creative and open to innovation; Great with people and communication; Highly empathetic and cooperative
9.26,7.26,7.82,8.37,6.48,5.68,6.19,0.96,6.81,6.3,Marketing Copywriter,Creative and open to innovation; Highly empathetic and cooperative
6.23,7.34,8.78,7.45,5.67,6.79,8.12,7.23,5.95,7.4,Marketing Manager,Great with people and communication; Strong visual and spatial intelligence
7.87,6.32,8.98,7.65,6.65,7.1,8.32,7.82,7.26,6.99,Marketing Manager,Great with people and communication; Strong visual and spatial intelligence; Excellent attention to visual detail
6.23,7.34,8.78,7.45,5.67,4.81,4.87,1.24,5.32,4.61,Marketing Manager,Great with people and communication
7.87,6.32,8.98,7.65,6.65,4.89,5.73,0.53,5.83,5.47,Marketing Manager,Great with people and communication
7.24,8.35,9.79,8.46,6.68,5.51,5.58,1.34,6.13,5.31,Marketing Manager,Great with people and communication; Highly empathetic and cooperative
8.88,7.33,3.54,8.66,7.66,5.6,5.15,0.63,6.64,6.17,Marketing Manager,Creative and open to innovation; Highly empathetic and cooperative
6.87,8.65,3.65,6.32,5.43,7.76,4.99,4.54,6.15,7.49,Marketing Reseacher,Highly organized and reliable; Strong with numbers and analytics
6.87,8.65,3.65,6.32,5.43,5.52,4.17,1.83,6.03,4.7,Marketing Reseacher,Highly organized and reliable
7.88,9.66,4.66,7.33,6.44,6.23,4.87,1.93,6.84,5.41,Marketing Reseacher,Highly organized and reliable
7.01,7.78,5.23,9.12,6.01,7.4,7.18,5.62,6.51,8.45,Marriage Counselor,Highly empathetic and cooperative; Excellent verbal and written communication
7.21,7.98,5.43,9.32,6.21,7.6,7.38,5.82,6.71,8.65,Marriage Counselor,Highly empathetic and cooperative; Strong with numbers and analytics; Excellent verbal and written communication
7.01,7.78,5.23,9.12,6.01,5.22,4.55,1.31,5.84,5.33,Marriage Counselor,Highly empathetic and cooperative
7.21,7.98,5.43,9.32,6.21,5.36,4.69,1.33,6.0,5.47,Marriage Counselor,Highly empathetic and cooperative
8.02,8.79,6.24,10.13,7.02,5.92,5.26,1.41,6.65,6.04,Marriage Counselor,Highly organized and reliable; Creative and open to innovation; Highly empathetic and cooperative
8.22,8.99,6.5,5.6,7.22,6.06,5.41,1.43,6.81,5.23,Marriage Counselor,Highly organized and reliable; Creative and open to innovation
6.78,7.67,3.78,4.89,4.34,7.23,4.34,4.06,5.56,6.28,Mechanical Designer,Balanced cognitive and personality traits
7.67,6.89,3.78,4.89,4.34,7.28,4.34,4.06,6.01,5.89,Mechanical Designer,Balanced cognitive and personality traits
7.47,6.69,3.58,4.69,4.14,7.08,4.14,3.86,5.81,5.69,Mechanical Designer,Balanced cognitive and personality traits
6.78,7.67,3.78,4.89,4.34,5.1,4.15,1.77,5.69,4.37,Mechanical Designer,Balanced cognitive and personality traits
7.67,6.89,3.78,4.89,4.34,5.06,4.59,1.45,5.9,4.81,Mechanical Designer,Balanced cognitive and personality traits
7.47,6.69,3.58,4.69,4.14,4.92,4.45,1.43,5.74,4.67,Mechanical Designer,Balanced cognitive and personality traits
7.79,8.68,4.79,5.9,5.35,5.81,4.85,1.87,6.5,5.08,Mechanical Designer,Highly organized and reliable
8.68,7.9,4.79,5.9,5.35,5.76,5.3,1.56,6.71,5.52,Mechanical Designer,Creative and open to innovation
8.48,7.7,4.59,5.7,5.15,5.62,5.16,1.54,6.55,5.38,Mechanical Designer,Creative and open to innovation
6.78,7.23,3.89,5.12,4.67,7.01,4.51,4.28,5.73,6.18,Mechanical Engineer,Balanced cognitive and personality traits
6.58,7.03,3.69,4.92,4.47,6.81,4.31,4.08,5.53,5.98,Mechanical Engineer,Balanced cognitive and personality traits
7.43,7.87,4.43,5.65,5.09,7.65,5.04,4.76,6.26,6.76,Mechanical Engineer,Strong with numbers and analytics
6.78,7.23,3.89,5.12,4.67,4.93,4.17,1.49,5.56,4.41,Mechanical Engineer,Balanced cognitive and personality traits
6.58,7.03,3.69,4.92,4.47,4.79,4.03,1.47,5.4,4.27,Mechanical Engineer,Balanced cognitive and personality traits
7.43,7.87,4.43,5.65,5.09,5.38,4.6,1.62,6.08,4.85,Mechanical Engineer,Balanced cognitive and personality traits
7.79,8.24,4.9,6.13,5.68,5.63,4.88,1.59,6.37,5.12,Mechanical Engineer,Balanced cognitive and personality traits
7.59,8.04,4.7,5.93,5.48,5.49,4.74,1.57,6.21,4.98,Mechanical Engineer,Balanced cognitive and personality traits
8.44,8.88,5.44,6.66,6.1,6.08,5.31,1.72,6.88,5.55,Mechanical Engineer,Highly organized and reliable; Creative and open to innovation
9.34,4.45,8.45,6.45,7.12,6.9,7.45,7.79,8.23,5.45,Musician,Creative and open to innovation; Great with people and communication; Great at solving complex abstract problems
9.34,4.45,8.45,6.45,7.12,4.58,6.36,0.36,6.01,5.96,Musician,Creative and open to innovation; Great with people and communication
8.23,5.46,9.46,7.46,8.13,4.65,6.01,0.26,5.75,5.61,Musician,Creative and open to innovation; Great with people and communication
4.01,8.23,6.67,9.34,5.12,6.12,8.01,5.9,4.57,8.79,Nurse,Highly empathetic and cooperative; Excellent verbal and written communication; Strong visual and spatial intelligence
4.01,8.23,6.67,9.34,5.12,4.5,3.34,1.76,4.47,3.87,Nurse,Highly empathetic and cooperative
5.02,9.24,7.68,9.3,6.13,5.2,4.05,1.86,5.28,4.37,Nurse,Highly organized and reliable; Highly empathetic and cooperative
7.01,7.78,5.23,9.12,6.01,7.4,7.18,5.62,6.51,8.45,Occupational Therapist,Highly empathetic and cooperative; Excellent verbal and written communication
7.21,7.98,5.43,9.32,6.21,7.6,7.38,5.82,6.71,8.65,Occupational Therapist,Highly empathetic and cooperative; Strong with numbers and analytics; Excellent verbal and written communication
7.01,7.78,5.23,9.12,6.01,5.22,4.55,1.31,5.84,5.33,Occupational Therapist,Highly empathetic and cooperative
7.21,7.98,5.43,9.32,6.21,5.36,4.69,1.33,6.0,5.47,Occupational Therapist,Highly empathetic and cooperative
8.02,8.79,6.24,10.13,7.02,5.92,5.26,1.41,6.65,6.04,Occupational Therapist,Highly organized and reliable; Creative and open to innovation; Highly empathetic and cooperative
8.22,8.99,7.5,9.21,7.22,6.06,5.61,1.43,6.81,5.95,Occupational Therapist,Highly organized and reliable; Creative and open to innovation; Highly empathetic and cooperative
7.65,7.32,4.87,8.87,6.54,7.49,6.87,5.71,7.1,8.1,Park Rangers,Highly empathetic and cooperative; Excellent verbal and written communication
7.65,7.32,4.87,8.87,6.54,5.22,4.8,0.97,6.02,5.6,Park Rangers,Highly empathetic and cooperative
8.66,8.33,5.88,9.88,7.55,5.93,5.51,1.07,6.83,6.31,Park Rangers,Creative and open to innovation; Highly empathetic and cooperative
6.21,7.98,5.43,9.54,6.65,7.1,7.49,6.04,6.43,8.76,Pediatric Doctor,Highly empathetic and cooperative; Excellent verbal and written communication
6.21,7.98,5.43,9.54,6.65,5.06,4.19,1.2,5.5,5.01,Pediatric Doctor,Highly empathetic and cooperative
7.22,8.99,6.44,6.34,7.66,5.76,4.9,1.3,6.31,4.88,Pediatric Doctor,Highly organized and reliable
6.01,7.78,5.23,9.34,6.45,6.9,7.29,5.84,6.23,8.56,Pediatric Nurse,Highly empathetic and cooperative; Excellent verbal and written communication
6.21,7.98,5.43,9.54,6.65,7.1,7.49,6.04,6.43,8.76,Pediatric Nurse,Highly empathetic and cooperative; Excellent verbal and written communication
6.01,7.78,5.23,9.34,6.45,4.92,4.05,1.18,5.34,4.87,Pediatric Nurse,Highly empathetic and cooperative
6.21,7.98,5.43,9.54,6.65,5.06,4.19,1.2,5.5,5.01,Pediatric Nurse,Highly empathetic and cooperative
7.02,8.79,6.24,9.23,7.46,5.62,4.76,1.28,6.15,5.36,Pediatric Nurse,Highly organized and reliable; Highly empathetic and cooperative
7.22,8.99,6.44,7.34,7.66,5.76,4.9,1.3,6.31,5.08,Pediatric Nurse,Highly organized and reliable
6.01,8.45,5.23,9.34,6.45,7.23,7.29,5.84,6.23,8.9,Pediatrician,Highly empathetic and cooperative; Excellent verbal and written communication
6.21,8.65,5.43,9.54,6.65,7.43,7.49,6.04,6.43,9.1,Pediatrician,Highly organized and reliable; Highly empathetic and cooperative; Excellent verbal and written communication
6.01,8.45,5.23,9.34,6.45,5.18,4.05,1.45,5.54,4.87,Pediatrician,Highly empathetic and cooperative
6.21,8.65,5.43,9.54,6.65,5.32,4.19,1.47,5.7,5.01,Pediatrician,Highly organized and reliable; Highly empathetic and cooperative
7.02,9.46,6.24,8.23,7.46,5.89,4.76,1.55,6.35,5.16,Pediatrician,Highly organized and reliable; Highly empathetic and cooperative
7.22,9.66,5.98,8.2,7.66,6.03,4.81,1.57,6.51,5.25,Pediatrician,Highly organized and reliable; Highly empathetic and cooperative
7.12,9.45,4.23,6.78,4.56,8.29,5.51,4.4,5.84,8.12,Pharmacist,Highly organized and reliable; Strong with numbers and analytics; Excellent verbal and written communication
7.12,9.45,4.23,6.78,4.56,5.92,4.41,2.41,6.4,4.92,Pharmacist,Highly organized and reliable
8.13,6.8,5.24,7.79,5.57,5.16,5.11,1.05,6.11,5.62,Pharmacist,Creative and open to innovation
7.78,7.34,5.23,9.12,6.01,7.56,7.18,5.62,6.9,8.23,Physical Therapist,Highly empathetic and cooperative; Strong with numbers and analytics; Excellent verbal and written communication
4.32,8.12,5.23,9.12,6.01,6.22,7.18,5.62,5.17,8.62,Physical Therapist,Highly empathetic and cooperative; Excellent verbal and written communication
4.12,7.92,5.03,8.92,5.81,6.02,6.98,5.42,4.97,8.42,Physical Therapist,Highly empathetic and cooperative; Excellent verbal and written communication
7.78,7.34,5.23,9.12,6.01,5.27,4.94,1.13,6.09,5.71,Physical Therapist,Highly empathetic and cooperative
4.32,8.12,5.23,9.12,6.01,4.54,3.21,1.45,4.6,3.98,Physical Therapist,Highly empathetic and cooperative
4.12,7.92,5.03,8.92,5.81,4.4,3.07,1.43,4.44,3.84,Physical Therapist,Highly empathetic and cooperative
8.79,8.35,6.24,10.13,7.02,5.98,5.64,1.23,6.9,6.42,Physical Therapist,Creative and open to innovation; Highly empathetic and cooperative
5.33,9.13,6.24,10.13,7.02,5.25,3.91,1.55,5.4,4.69,Physical Therapist,Highly organized and reliable; Highly empathetic and cooperative
5.13,8.93,6.04,9.56,6.82,5.11,3.77,1.53,5.24,4.48,Physical Therapist,Highly organized and reliable; Highly empathetic and cooperative
7.89,9.23,5.01,7.45,6.34,8.56,6.23,5.68,7.12,8.34,Physician,Highly organized and reliable; Strong with numbers and analytics; Excellent verbal and written communication
7.89,9.23,5.01,7.45,6.34,6.06,4.95,1.79,6.71,5.44,Physician,Highly organized and reliable
8.9,8.6,6.02,8.46,7.35,6.11,5.65,1.24,7.03,6.14,Physician,Highly organized and reliable; Creative and open to innovation; Highly empathetic and cooperative
5.67,8.78,7.12,6.45,6.01,7.23,6.79,6.57,5.84,7.62,Police Detective,Highly organized and reliable; Excellent verbal and written communication
5.67,8.78,7.12,6.45,6.01,5.21,4.26,1.71,5.47,4.13,Police Detective,Highly organized and reliable
6.68,9.79,8.13,7.46,7.02,5.92,4.97,1.81,6.28,4.83,Police Detective,Highly organized and reliable; Great with people and communication
2.67,8.78,7.67,8.45,6.45,5.73,8.06,7.06,4.56,8.62,Police Officer,Highly organized and reliable; Highly empathetic and cooperative; Excellent verbal and written communication
2.87,8.98,7.87,8.65,6.65,5.93,8.26,7.26,4.76,8.82,Police Officer,Highly organized and reliable; Highly empathetic and cooperative; Excellent verbal and written communication
2.67,8.78,7.67,8.45,6.45,4.31,2.87,1.58,3.97,3.03,Police Officer,Highly organized and reliable; Highly empathetic and cooperative
2.87,8.98,7.87,8.65,6.65,4.45,3.01,1.6,4.13,3.17,Police Officer,Highly organized and reliable; Highly empathetic and cooperative
3.68,9.79,8.68,9.46,7.46,5.02,3.58,1.68,4.78,3.73,Police Officer,Highly organized and reliable; Great with people and communication; Highly empathetic and cooperative
3.88,9.99,8.88,9.66,7.66,5.16,3.72,1.7,4.94,3.87,Police Officer,Highly organized and reliable; Great with people and communication; Highly empathetic and cooperative
8.78,8.34,7.45,6.45,5.45,8.56,6.95,6.45,7.12,7.4,Product Manager,Creative and open to innovation; Strong with numbers and analytics
8.98,8.54,7.65,6.65,5.65,8.76,7.15,6.65,7.32,7.6,Product Manager,Highly organized and reliable; Creative and open to innovation; Strong with numbers and analytics
8.78,8.34,7.45,6.45,5.45,5.97,5.88,1.7,6.89,5.68,Product Manager,Creative and open to innovation
8.98,8.54,7.65,6.65,5.65,6.11,6.02,1.72,7.05,5.82,Product Manager,Highly organized and reliable; Creative and open to innovation
9.79,9.35,8.46,7.46,6.46,6.68,6.59,1.8,7.7,6.39,Product Manager,Highly organized and reliable; Creative and open to innovation; Great with people and communication
8.34,9.55,8.66,7.66,6.66,6.32,5.9,1.82,7.04,5.7,Product Manager,Highly organized and reliable; Creative and open to innovation; Great with people and communication
8.78,7.45,5.34,8.45,6.01,8.12,6.9,5.68,7.4,7.95,Psychologist,Creative and open to innovation; Highly empathetic and cooperative; Strong with numbers and analytics
8.78,7.45,5.34,8.45,6.01,5.61,5.46,1.18,6.63,6.08,Psychologist,Creative and open to innovation; Highly empathetic and cooperative
9.79,8.46,6.35,9.46,7.02,6.32,6.17,1.28,7.43,6.79,Psychologist,Creative and open to innovation; Highly empathetic and cooperative
8.78,7.67,4.45,5.12,6.01,8.23,4.79,5.23,7.4,6.4,Public Health Analyst,Creative and open to innovation; Strong with numbers and analytics
8.98,7.87,4.65,5.32,6.21,8.43,4.99,5.43,7.6,6.6,Public Health Analyst,Creative and open to innovation; Strong with numbers and analytics; Great at solving complex abstract problems
8.78,7.67,4.45,5.12,6.01,5.7,5.28,1.27,6.69,5.41,Public Health Analyst,Creative and open to innovation
8.98,7.87,4.65,5.32,6.21,5.84,5.42,1.29,6.85,5.55,Public Health Analyst,Creative and open to innovation
9.79,8.68,5.46,6.13,7.02,6.41,5.99,1.37,7.5,6.12,Public Health Analyst,Highly organized and reliable; Creative and open to innovation
9.34,8.88,5.66,6.33,7.22,6.35,5.8,1.39,7.33,5.94,Public Health Analyst,Highly organized and reliable; Creative and open to innovation
6.67,7.34,8.45,7.89,5.45,7.01,8.17,6.95,6.06,7.62,Public Relations Manager,Great with people and communication; Excellent verbal and written communication; Strong visual and spatial intelligence
6.67,7.34,8.45,7.89,5.45,4.94,5.03,1.3,5.54,4.91,Public Relations Manager,Great with people and communication
7.68,8.35,9.46,8.9,6.46,5.64,5.73,1.4,6.35,5.62,Public Relations Manager,Great with people and communication; Highly empathetic and cooperative
6.67,7.34,8.67,7.89,5.45,7.01,8.28,7.06,6.06,7.62,Public Relations Specialist,Great with people and communication; Excellent verbal and written communication; Strong visual and spatial intelligence
6.87,7.54,8.87,8.09,5.65,7.21,8.48,7.26,6.26,7.82,Public Relations Specialist,Great with people and communication; Highly empathetic and cooperative; Excellent verbal and written communication
6.67,7.34,8.67,7.89,5.45,4.94,5.07,1.3,5.54,4.91,Public Relations Specialist,Great with people and communication
6.87,7.54,8.87,8.09,5.65,5.08,5.21,1.32,5.7,5.05,Public Relations Specialist,Great with people and communication; Highly empathetic and cooperative
7.68,8.35,9.68,8.9,6.46,5.64,5.78,1.4,6.35,5.62,Public Relations Specialist,Great with people and communication; Highly empathetic and cooperative
7.88,8.55,9.88,9.1,6.66,5.78,5.92,1.42,6.51,5.76,Public Relations Specialist,Highly organized and reliable; Great with people and communication; Highly empathetic and cooperative
6.01,8.45,3.78,4.01,4.67,7.23,3.9,4.23,5.34,6.23,Quality Control Inspector,Balanced cognitive and personality traits
6.21,8.65,3.98,4.21,4.87,7.43,4.1,4.43,5.54,6.43,Quality Control Inspector,Highly organized and reliable
6.01,8.45,3.78,4.01,4.67,5.18,3.76,1.98,5.54,3.81,Quality Control Inspector,Balanced cognitive and personality traits
6.21,8.65,3.98,4.21,4.87,5.32,3.9,2.0,5.7,3.95,Quality Control Inspector,Highly organized and reliable
7.02,9.46,4.79,5.02,5.68,5.89,4.47,2.08,6.35,4.51,Quality Control Inspector,Highly organized and reliable
7.22,9.66,4.99,5.22,5.88,6.03,4.61,2.1,6.51,4.65,Quality Control Inspector,Highly organized and reliable
5.23,7.67,4.67,8.56,8.12,6.45,6.62,6.4,6.68,8.12,Radiologic Technologist,Highly empathetic and cooperative; Excellent verbal and written communication
5.43,7.87,4.87,8.76,8.32,6.65,6.82,6.6,6.88,8.32,Radiologic Technologist,Highly empathetic and cooperative; Excellent verbal and written communication
5.23,7.67,4.67,8.56,8.12,4.64,3.55,0.63,4.92,4.33,Radiologic Technologist,Highly empathetic and cooperative
5.43,7.87,4.87,8.76,8.32,4.78,3.69,0.65,5.08,4.47,Radiologic Technologist,Highly empathetic and cooperative
6.24,8.68,5.68,9.57,9.13,5.34,4.26,0.73,5.72,5.03,Radiologic Technologist,Highly organized and reliable; Highly empathetic and cooperative
6.44,8.88,5.88,9.77,5.6,5.48,4.4,1.87,5.88,5.17,Radiologic Technologist,Highly organized and reliable; Highly empathetic and cooperative
6.12,7.01,8.67,7.89,5.34,6.57,8.28,7.01,5.73,7.45,Real Estate Agent,Great with people and communication; Strong visual and spatial intelligence
6.12,7.01,8.67,7.89,5.34,4.64,4.79,1.2,5.16,4.64,Real Estate Agent,Great with people and communication
7.13,8.02,9.68,8.9,6.35,5.35,5.5,1.3,5.97,5.35,Real Estate Agent,Great with people and communication; Highly empathetic and cooperative
6.01,7.78,5.23,9.34,6.45,6.9,7.29,5.84,6.23,8.56,Rehabilitation Counselor,Highly empathetic and cooperative; Excellent verbal and written communication
6.21,7.98,5.43,9.54,6.65,7.1,7.49,6.04,6.43,8.76,Rehabilitation Counselor,Highly empathetic and cooperative; Excellent verbal and written communication
6.01,7.78,5.23,9.34,6.45,4.92,4.05,1.18,5.34,4.87,Rehabilitation Counselor,Highly empathetic and cooperative
6.21,7.98,5.43,9.54,6.65,5.06,4.19,1.2,5.5,5.01,Rehabilitation Counselor,Highly empathetic and cooperative
7.02,8.79,6.24,7.23,7.46,5.62,4.76,1.28,6.15,4.96,Rehabilitation Counselor,Highly organized and reliable
7.22,8.99,7.2,7.4,7.66,5.76,5.05,1.3,6.31,5.09,Rehabilitation Counselor,Highly organized and reliable
9.12,8.78,4.23,5.67,4.56,8.95,4.95,4.4,6.84,7.23,Research Scientist,Highly organized and reliable; Creative and open to innovation; Strong with numbers and analytics
9.12,8.78,4.23,5.67,4.56,6.25,5.41,2.14,7.19,5.69,Research Scientist,Highly organized and reliable; Creative and open to innovation
9.2,9.79,5.24,6.68,5.57,6.68,5.65,2.25,7.54,5.94,Research Scientist,Highly organized and reliable; Creative and open to innovation; Great at solving complex abstract problems
7.34,7.67,4.23,5.23,4.67,7.51,4.73,4.45,6.01,6.45,Robotics Engineer,Strong with numbers and analytics
7.54,7.87,4.43,5.43,4.87,7.71,4.93,4.65,6.21,6.65,Robotics Engineer,Strong with numbers and analytics
7.34,7.67,4.23,5.23,4.67,5.27,4.52,1.67,5.97,4.72,Robotics Engineer,Balanced cognitive and personality traits
7.54,7.87,4.43,5.43,4.87,5.41,4.66,1.69,6.13,4.86,Robotics Engineer,Balanced cognitive and personality traits
8.35,8.68,5.24,6.24,5.68,5.98,5.22,1.77,6.78,5.42,Robotics Engineer,Highly organized and reliable; Creative and open to innovation
8.55,8.88,5.44,6.44,5.88,6.12,5.36,1.79,6.94,5.56,Robotics Engineer,Highly organized and reliable; Creative and open to innovation
6.12,6.78,9.34,7.56,5.01,6.45,8.45,7.18,5.57,7.17,Salesperson,Great with people and communication; Strong visual and spatial intelligence
6.12,6.78,9.34,7.56,5.01,4.55,4.93,1.21,5.09,4.57,Salesperson,Great with people and communication
7.13,7.79,7.2,8.57,6.02,5.26,5.01,1.31,5.9,5.28,Salesperson,Highly empathetic and cooperative
6.67,7.34,8.45,7.89,5.45,7.01,8.17,6.95,6.06,7.62,Social Media Manager,Great with people and communication; Excellent verbal and written communication; Strong visual and spatial intelligence
6.47,7.14,8.25,7.69,5.25,6.81,7.97,6.75,5.86,7.42,Social Media Manager,Great with people and communication; Strong visual and spatial intelligence
6.67,7.34,8.45,7.89,5.45,4.94,5.03,1.3,5.54,4.91,Social Media Manager,Great with people and communication
6.47,7.14,8.25,7.69,5.25,4.8,4.89,1.28,5.38,4.77,Social Media Manager,Great with people and communication
7.68,8.35,9.46,8.9,6.46,5.64,5.73,1.4,6.35,5.62,Social Media Manager,Great with people and communication; Highly empathetic and cooperative
7.48,8.15,9.26,8.7,6.26,5.5,5.59,1.38,6.19,5.48,Social Media Manager,Great with people and communication; Highly empathetic and cooperative
7.56,7.01,4.67,9.23,6.34,7.29,6.95,5.51,6.95,8.12,Social Worker,Highly empathetic and cooperative; Excellent verbal and written communication
7.56,7.01,4.67,9.23,6.34,5.07,4.71,0.9,5.88,5.63,Social Worker,Highly empathetic and cooperative
8.57,8.02,5.68,7.1,7.35,5.78,5.42,1.0,6.69,5.71,Social Worker,Creative and open to innovation
8.78,7.89,5.67,6.01,4.67,8.34,5.84,5.17,6.73,6.95,Software Developer,Creative and open to innovation; Strong with numbers and analytics
8.78,7.89,5.67,6.01,4.67,5.79,5.52,1.76,6.76,5.59,Software Developer,Creative and open to innovation
9.79,8.9,6.68,7.02,5.68,6.5,6.23,1.86,7.57,6.3,Software Developer,Highly organized and reliable; Creative and open to innovation; Great at solving complex abstract problems
6.78,8.45,5.12,6.01,4.56,7.62,5.57,4.84,5.67,7.23,Software Quality Assurance Tester,Strong with numbers and analytics
6.78,8.45,5.12,6.01,4.56,5.41,4.41,2.01,5.93,4.59,Software Quality Assurance Tester,Balanced cognitive and personality traits
7.79,9.46,6.13,7.02,5.57,6.12,5.12,2.11,6.73,5.3,Software Quality Assurance Tester,Highly organized and reliable
7.01,7.78,5.23,9.12,6.01,7.4,7.18,5.62,6.51,8.45,Special Need Education Teacher,Highly empathetic and cooperative; Excellent verbal and written communication
4.32,8.12,5.23,9.12,6.01,6.22,7.18,5.62,5.17,8.62,Special Need Education Teacher,Highly empathetic and cooperative; Excellent verbal and written communication
7.01,7.78,5.23,9.12,6.01,5.22,4.55,1.31,5.84,5.33,Special Need Education Teacher,Highly empathetic and cooperative
4.32,8.12,5.23,9.12,6.01,4.54,3.21,1.45,4.6,3.98,Special Need Education Teacher,Highly empathetic and cooperative
8.02,8.79,6.24,10.13,7.02,5.92,5.26,1.41,6.65,6.04,Special Need Education Teacher,Highly organized and reliable; Creative and open to innovation; Highly empathetic and cooperative
5.33,9.13,6.24,10.13,7.02,5.25,3.91,1.55,5.4,4.69,Special Need Education Teacher,Highly organized and reliable; Highly empathetic and cooperative
6.01,7.78,5.23,9.34,6.45,6.9,7.29,5.84,6.23,8.56,Speech Pathologist,Highly empathetic and cooperative; Excellent verbal and written communication
6.21,7.98,5.43,9.54,6.65,7.1,7.49,6.04,6.43,8.76,Speech Pathologist,Highly empathetic and cooperative; Excellent verbal and written communication
7.78,7.34,5.23,9.12,6.01,7.56,7.18,5.62,6.9,8.23,Speech Pathologist,Highly empathetic and cooperative; Strong with numbers and analytics; Excellent verbal and written communication
6.01,7.78,5.23,9.34,6.45,4.92,4.05,1.18,5.34,4.87,Speech Pathologist,Highly empathetic and cooperative
6.21,7.98,5.43,9.54,6.65,5.06,4.19,1.2,5.5,5.01,Speech Pathologist,Highly empathetic and cooperative
7.78,7.34,5.23,9.12,6.01,5.27,4.94,1.13,6.09,5.71,Speech Pathologist,Highly empathetic and cooperative
7.02,8.79,6.24,8.2,7.46,5.62,4.76,1.28,6.15,5.15,Speech Pathologist,Highly organized and reliable; Highly empathetic and cooperative
7.22,8.99,6.34,7.98,7.66,5.76,4.88,1.3,6.31,5.21,Speech Pathologist,Highly organized and reliable
8.79,8.35,6.24,10.13,7.02,5.98,5.64,1.23,6.9,6.42,Speech Pathologist,Creative and open to innovation; Highly empathetic and cooperative
7.78,7.34,5.23,9.12,6.01,7.56,7.18,5.62,6.9,8.23,Speech Therapist,Highly empathetic and cooperative; Strong with numbers and analytics; Excellent verbal and written communication
7.58,7.14,5.03,8.92,5.81,7.36,6.98,5.42,6.7,8.03,Speech Therapist,Highly empathetic and cooperative; Excellent verbal and written communication
7.78,7.34,5.23,9.12,6.01,5.27,4.94,1.13,6.09,5.71,Speech Therapist,Highly empathetic and cooperative
7.58,7.14,5.03,8.92,5.81,5.13,4.8,1.11,5.93,5.57,Speech Therapist,Highly empathetic and cooperative
8.79,8.35,6.24,10.13,7.02,5.98,5.64,1.23,6.9,6.42,Speech Therapist,Creative and open to innovation; Highly empathetic and cooperative
8.59,8.15,6.04,8.2,6.82,5.84,5.5,1.21,6.74,5.94,Speech Therapist,Creative and open to innovation; Highly empathetic and cooperative
6.78,7.67,8.45,8.23,6.45,7.23,8.34,7.45,6.62,7.95,Sports Coach,Great with people and communication; Highly empathetic and cooperative; Excellent verbal and written communication
6.98,7.87,8.65,8.43,6.65,7.43,8.54,7.65,6.82,8.15,Sports Coach,Great with people and communication; Highly empathetic and cooperative; Excellent verbal and written communication
6.78,7.67,8.45,8.23,6.45,5.1,5.08,1.13,5.69,5.04,Sports Coach,Great with people and communication; Highly empathetic and cooperative
6.98,7.87,8.65,8.43,6.65,5.24,5.22,1.15,5.85,5.18,Sports Coach,Great with people and communication; Highly empathetic and cooperative
7.79,8.68,9.46,9.24,7.46,5.81,5.79,1.23,6.5,5.74,Sports Coach,Highly organized and reliable; Great with people and communication; Highly empathetic and cooperative
7.99,8.88,9.66,9.44,7.66,5.95,5.93,1.25,6.66,5.88,Sports Coach,Highly organized and reliable; Great with people and communication; Highly empathetic and cooperative
8.12,8.67,4.67,5.23,4.11,8.4,4.95,4.39,6.12,6.95,Sustainability Consultant,Highly organized and reliable; Creative and open to innovation; Strong with numbers and analytics
8.12,8.67,4.67,5.23,4.11,5.9,4.99,2.24,6.66,5.11,Sustainability Consultant,Highly organized and reliable; Creative and open to innovation
9.13,9.68,5.68,6.24,5.12,6.61,5.7,2.34,7.47,5.81,Sustainability Consultant,Highly organized and reliable; Creative and open to innovation
7.67,9.23,4.23,7.34,6.45,8.45,5.79,5.34,7.06,8.29,Tax Accountant,Highly organized and reliable; Strong with numbers and analytics; Excellent verbal and written communication
7.87,9.43,4.43,7.54,6.65,8.65,5.99,5.54,7.26,8.49,Tax Accountant,Highly organized and reliable; Strong with numbers and analytics; Excellent verbal and written communication
7.67,9.23,4.23,7.34,6.45,5.99,4.68,1.76,6.6,5.3,Tax Accountant,Highly organized and reliable
7.87,9.43,4.43,7.54,6.65,6.13,4.82,1.78,6.76,5.44,Tax Accountant,Highly organized and reliable
8.68,7.6,5.24,8.35,7.46,5.64,5.39,0.8,6.62,6.01,Tax Accountant,Creative and open to innovation; Highly empathetic and cooperative
8.88,7.65,5.44,8.55,7.66,5.72,5.53,0.76,6.74,6.15,Tax Accountant,Creative and open to innovation; Highly empathetic and cooperative
6.78,8.45,3.45,6.45,5.45,7.62,4.95,4.45,6.12,7.45,Tax Collector,Strong with numbers and analytics
6.98,8.65,3.65,6.65,5.65,7.82,5.15,4.65,6.32,7.65,Tax Collector,Highly organized and reliable; Strong with numbers and analytics; Excellent verbal and written communication
6.67,8.93,3.45,5.6,2.43,7.8,4.53,2.94,4.55,7.27,Tax Collector,Highly organized and reliable; Emotionally stable and calm under pressure; Strong with numbers and analytics
6.78,8.45,3.45,6.45,5.45,5.41,4.08,1.75,5.93,4.68,Tax Collector,Balanced cognitive and personality traits
6.98,8.65,3.65,6.65,5.65,5.55,4.22,1.77,6.09,4.82,Tax Collector,Highly organized and reliable
6.67,8.93,3.45,5.6,2.43,5.57,4.03,2.84,6.01,4.46,Tax Collector,Highly organized and reliable; Emotionally stable and calm under pressure
7.79,9.46,4.46,7.46,6.46,6.12,4.79,1.85,6.73,5.39,Tax Collector,Highly organized and reliable
7.99,9.66,4.66,7.66,6.66,6.26,4.93,1.87,6.89,5.53,Tax Collector,Highly organized and reliable
7.68,9.65,4.46,6.61,3.44,6.16,4.73,2.83,6.74,5.16,Tax Collector,Highly organized and reliable; Emotionally stable and calm under pressure
6.45,7.56,5.67,9.12,4.23,7.01,7.4,4.95,5.34,8.34,Teacher,Highly empathetic and cooperative; Excellent verbal and written communication
6.45,7.56,5.67,9.12,4.23,4.96,4.36,1.76,5.49,5.05,Teacher,Highly empathetic and cooperative
7.46,8.57,6.68,10.13,5.24,5.67,5.07,1.86,6.3,5.76,Teacher,Highly organized and reliable; Highly empathetic and cooperative
6.98,8.65,7.54,5.65,6.21,7.82,6.6,6.88,6.6,7.15,Teachnical Project Manaher,Highly organized and reliable; Strong with numbers and analytics
6.98,8.65,7.54,5.65,6.21,5.55,5.0,1.6,6.09,4.62,Teachnical Project Manaher,Highly organized and reliable
7.99,9.66,8.55,6.66,7.22,6.26,5.71,1.7,6.89,5.33,Teachnical Project Manaher,Highly organized and reliable; Great with people and communication
7.67,8.78,5.45,7.45,6.01,8.23,6.45,5.73,6.84,8.12,Technical Writer,Highly organized and reliable; Strong with numbers and analytics; Excellent verbal and written communication
7.87,8.98,5.65,7.65,6.21,8.43,6.65,5.93,7.04,8.32,Technical Writer,Highly organized and reliable; Strong with numbers and analytics; Excellent verbal and written communication
7.67,8.78,5.45,7.45,6.01,5.81,4.93,1.71,6.47,5.33,Technical Writer,Highly organized and reliable
7.87,8.98,5.65,7.65,6.21,5.95,5.07,1.73,6.63,5.47,Technical Writer,Highly organized and reliable
8.68,9.79,6.46,8.46,7.02,6.52,5.63,1.81,7.28,6.03,Technical Writer,Highly organized and reliable; Creative and open to innovation; Highly empathetic and cooperative
8.88,8.7,6.66,8.66,7.22,6.14,5.77,1.31,7.05,6.17,Technical Writer,Highly organized and reliable; Creative and open to innovation; Highly empathetic and cooperative
7.34,6.98,3.67,5.23,4.67,7.16,4.45,4.17,6.01,6.11,Transportation Planner,Balanced cognitive and personality traits
7.34,6.98,3.67,5.23,4.67,4.99,4.4,1.39,5.76,4.72,Transportation Planner,Balanced cognitive and personality traits
8.35,7.99,4.68,6.24,5.68,5.7,5.11,1.49,6.57,5.42,Transportation Planner,Creative and open to innovation
9.23,8.23,5.67,4.23,6.45,8.73,4.95,6.06,7.84,6.23,UI/UX Designer,Creative and open to innovation; Strong with numbers and analytics; Great at solving complex abstract problems
9.23,8.23,5.67,4.23,6.45,6.06,5.75,1.36,7.08,5.46,UI/UX Designer,Creative and open to innovation
8.34,9.24,6.68,5.24,7.46,6.2,5.51,1.46,6.94,5.22,UI/UX Designer,Highly organized and reliable; Creative and open to innovation
6.78,7.34,3.67,5.23,4.67,7.06,4.45,4.17,5.73,6.29,Urban Planner,Balanced cognitive and personality traits
7.34,6.98,3.67,5.23,4.67,7.16,4.45,4.17,6.01,6.11,Urban Planner,Balanced cognitive and personality traits
7.14,6.78,3.47,5.03,4.47,6.96,4.25,3.97,5.81,5.91,Urban Planner,Balanced cognitive and personality traits
6.78,7.34,3.67,5.23,4.67,4.97,4.12,1.54,5.59,4.44,Urban Planner,Balanced cognitive and personality traits
7.34,6.98,3.67,5.23,4.67,4.99,4.4,1.39,5.76,4.72,Urban Planner,Balanced cognitive and personality traits
7.14,6.78,3.47,5.03,4.47,4.85,4.26,1.37,5.6,4.58,Urban Planner,Balanced cognitive and personality traits
7.79,8.35,4.68,6.24,5.68,5.68,4.83,1.64,6.4,5.14,Urban Planner,Balanced cognitive and personality traits
8.35,7.99,4.68,6.24,5.68,5.7,5.11,1.49,6.57,5.42,Urban Planner,Creative and open to innovation
8.15,7.79,4.48,6.04,5.48,5.56,4.97,1.47,6.41,5.28,Urban Planner,Creative and open to innovation
8.78,4.23,7.67,7.45,6.45,6.51,7.56,7.06,7.62,5.84,Video Game Tester,Creative and open to innovation; Great at solving complex abstract problems; Strong visual and spatial intelligence
8.98,4.43,7.87,7.65,6.65,6.71,7.76,7.26,7.82,6.04,Video Game Tester,Creative and open to innovation; Great at solving complex abstract problems; Strong visual and spatial intelligence
8.78,4.23,7.67,7.45,6.45,4.33,5.92,0.24,5.66,5.88,Video Game Tester,Creative and open to innovation
8.98,4.43,7.87,7.65,6.65,4.47,6.06,0.22,5.82,6.02,Video Game Tester,Creative and open to innovation
9.79,5.24,8.68,8.46,7.46,5.03,6.63,0.14,6.47,6.59,Video Game Tester,Creative and open to innovation; Great with people and communication; Highly empathetic and cooperative
9.4,5.44,8.88,8.66,7.66,5.0,6.48,0.12,6.33,6.43,Video Game Tester,Creative and open to innovation; Great with people and communication; Highly empathetic and cooperative
8.67,7.78,5.67,4.23,6.45,8.23,4.95,6.06,7.56,6.01,Web Developer,Creative and open to innovation; Strong with numbers and analytics; Great at solving complex abstract problems
9.23,8.23,5.67,4.23,6.45,8.73,4.95,6.06,7.84,6.23,Web Developer,Creative and open to innovation; Strong with numbers and analytics; Great at solving complex abstract problems
9.03,8.03,5.47,4.03,6.25,8.53,4.75,5.86,7.64,6.03,Web Developer,Creative and open to innovation; Strong with numbers and analytics; Great at solving complex abstract problems
8.67,7.78,5.67,4.23,6.45,5.71,5.47,1.18,6.67,5.18,Web Developer,Creative and open to innovation
9.23,8.23,5.67,4.23,6.45,6.06,5.75,1.36,7.08,5.46,Web Developer,Creative and open to innovation
9.03,8.03,5.47,4.03,6.25,5.92,5.61,1.34,6.92,5.32,Web Developer,Creative and open to innovation
9.68,8.79,6.68,5.24,7.46,6.42,6.18,1.28,7.48,5.89,Web Developer,Highly organized and reliable; Creative and open to innovation
9.45,9.24,6.68,5.24,7.46,6.53,6.06,1.46,7.5,5.77,Web Developer,Highly organized and reliable; Creative and open to innovation
9.67,9.04,6.48,5.04,7.26,6.52,6.13,1.44,7.55,5.84,Web Developer,Highly organized and reliable; Creative and open to innovation; Great at solving complex abstract problems
8.78,7.67,4.45,5.12,6.01,8.23,4.79,5.23,7.4,6.4,Wildlife Biologist,Creative and open to innovation; Strong with numbers and analytics
8.91,7.67,4.45,7.23,5.78,8.29,5.84,5.12,7.35,7.45,Wildlife Biologist,Creative and open to innovation; Strong with numbers and analytics
8.71,7.47,4.25,7.03,5.58,8.09,5.64,4.92,7.15,7.25,Wildlife Biologist,Creative and open to innovation; Strong with numbers and analytics
8.78,7.67,4.45,5.12,6.01,5.7,5.28,1.27,6.69,5.41,Wildlife Biologist,Creative and open to innovation
8.91,7.67,4.45,7.23,5.78,5.74,5.35,1.33,6.76,5.9,Wildlife Biologist,Creative and open to innovation
8.71,7.47,4.25,7.03,5.58,5.6,5.21,1.31,6.6,5.76,Wildlife Biologist,Creative and open to innovation
9.79,8.68,5.46,6.13,7.02,6.41,5.99,1.37,7.5,6.12,Wildlife Biologist,Highly organized and reliable; Creative and open to innovation
8.45,8.68,5.46,8.24,6.79,6.01,5.32,1.44,6.83,5.87,Wildlife Biologist,Highly organized and reliable; Creative and open to innovation; Highly empathetic and cooperative
9.72,8.48,5.26,8.04,6.59,6.31,5.91,1.42,7.4,6.47,Wildlife Biologist,Creative and open to innovation; Highly empathetic and cooperative
8.89,7.67,4.45,5.12,6.01,8.28,4.79,5.23,7.45,6.4,Wildlife Conservationist,Creative and open to innovation; Strong with numbers and analytics
9.09,7.87,4.65,5.32,6.21,8.48,4.99,5.43,7.65,6.6,Wildlife Conservationist,Creative and open to innovation; Strong with numbers and analytics; Great at solving complex abstract problems
8.89,7.67,4.45,5.12,6.01,5.74,5.34,1.27,6.75,5.47,Wildlife Conservationist,Creative and open to innovation
9.09,7.87,4.65,5.32,6.21,5.88,5.48,1.29,6.91,5.61,Wildlife Conservationist,Creative and open to innovation
8.23,8.68,5.46,6.13,7.02,5.94,5.21,1.37,6.72,5.34,Wildlife Conservationist,Highly organized and reliable; Creative and open to innovation
9.12,8.88,5.66,6.33,7.22,6.29,5.69,1.39,7.22,5.83,Wildlife Conservationist,Highly organized and reliable; Creative and open to innovation
8.78,7.67,4.45,5.12,6.01,8.23,4.79,5.23,7.4,6.4,Zoologist,Creative and open to innovation; Strong with numbers and analytics
8.58,7.47,4.25,4.92,5.81,8.03,4.59,5.03,7.2,6.2,Zoologist,Creative and open to innovation; Strong with numbers and analytics
8.78,7.67,4.45,5.12,6.01,5.7,5.28,1.27,6.69,5.41,Zoologist,Creative and open to innovation
8.58,7.47,4.25,4.92,5.81,5.56,5.14,1.25,6.53,5.27,Zoologist,Creative and open to innovation
9.79,8.68,5.46,6.13,7.02,6.41,5.99,1.37,7.5,6.12,Zoologist,Highly organized and reliable; Creative and open to innovation
9.59,8.48,5.26,5.93,6.82,6.27,5.85,1.35,7.34,5.98,Zoologist,Creative and open to innovation
